rent_id,property_id,client_id,agent_id,owner_id,rent_amount,commission_rate,commission_amount,commission_payment_method,commission_payment_date
1,107,794,240,1020,4230,0.1,10575,Credit Card,4/25/2024
2,2402,1075,84,755,2640,0.1,3960,Cash,11/27/2024
3,1112,1043,36,552,5120,0.05,2560,Credit Card,11/24/2024
4,2439,62,44,869,1660,0.05,1660,Cash,3/6/2024
5,2007,1582,162,1422,3980,0.1,2388,Bank Transfer,9/4/2024
6,1584,2060,16,808,,0.1,2784,Credit Card,8/21/2024
7,561,1793,180,233,4470,0.05,4917,Cash,12/26/2024
8,2050,999,217,250,4680,0.1,3744,Bank Transfer,8/22/2024
9,1469,1960,181,1684,1680,0.1,5712,Credit Card,10/6/2024
10,1383,821,203,528,6270,0.1,21945,Cash,7/16/2024
11,688,1392,128,81,1920,0.05,2592,Credit Card,12/21/2024
12,920,959,71,211,21740,0.05,28262,Bank Transfer,12/22/2024
13,1192,2015,140,226,2600,0.1,8320,Credit Card,10/11/2024
14,1298,1446,140,1365,8410,0.1,16820,Cash,10/27/2024
15,952,1016,197,147,3160,0.05,5056,Credit Card,12/29/2024
16,2059,1140,205,619,,0.1,7308,Cash,4/30/2023
17,1271,1058,194,471,12470,0.1,34916,Credit Card,8/4/2024
18,1326,1042,97,1621,3560,0.05,3916,Credit Card,5/6/2024
19,1861,1345,194,481,10260,0.05,4617,Cash,7/19/2024
20,94,1424,26,1609,2300,0.1,7360,Bank Transfer,9/21/2024
21,1218,966,197,1572,1400,0.05,1960,Bank Transfer,3/17/2024
22,1596,1812,52,1631,5010,0.1,3507,Credit Card,10/11/2023
23,2655,2040,101,1712,,0.1,8268,Bank Transfer,12/13/2024
24,2070,1373,157,150,1320,0.1,3036,Cash,12/1/2024
25,546,198,102,1525,3920,0.1,12544,Bank Transfer,10/20/2024
26,1199,751,97,925,5430,0.1,3258,Bank Transfer,3/4/2023
27,1082,428,63,450,2170,0.05,651,Cash,5/2/2024
28,2000,1368,14,60,12820,0.1,8974,Cash,9/25/2023
29,165,614,179,30,1530,0.1,1377,Cash,10/19/2022
30,2215,613,194,1740,2240,0.05,1792,Bank Transfer,5/6/2024
31,534,1749,208,1334,3760,0.1,9776,Bank Transfer,11/6/2022
32,672,2004,45,1011,3190,0.05,957,Credit Card,12/22/2023
33,2567,432,101,92,2400,0.05,1560,Credit Card,11/16/2023
34,2775,1205,28,1436,2140,0.05,1498,Cash,4/19/2024
35,1848,401,17,1086,2130,0.1,6177,Cash,9/16/2024
36,1666,1489,113,1468,2100,0.1,1890,Credit Card,11/12/2023
37,2246,27,93,1251,1060,0.1,636,Credit Card,8/24/2024
38,1998,453,19,798,4050,0.1,8100,Bank Transfer,12/23/2024
39,2767,1456,19,1543,5360,0.05,9112,Bank Transfer,11/21/2024
40,237,346,26,1083,1540,0.05,1078,Cash,7/22/2022
41,111,1958,140,1203,9450,0.05,12757.5,Credit Card,8/1/2024
42,2051,1948,93,1080,3350,0.1,2010,Cash,12/10/2024
43,1927,1120,120,1457,6690,0.05,9031.5,Credit Card,12/18/2024
44,1910,802,14,1083,1190,0.05,1368.5,Bank Transfer,8/12/2024
45,1102,437,14,945,1260,0.05,1134,Cash,6/30/2023
46,1575,645,46,887,3570,0.05,3391.5,Cash,12/25/2024
47,69,1988,152,686,16090,0.1,32180,Bank Transfer,2/13/2024
48,698,1015,73,599,2970,0.05,3712.5,Cash,10/15/2023
49,1562,1114,71,352,3060,0.05,4284,Cash,2/16/2024
50,2883,1920,149,122,1870,0.05,1589.5,Credit Card,4/15/2023
51,518,1301,39,64,3940,0.1,8274,Cash,9/14/2024
52,1677,1270,244,926,,0.1,16416,Credit Card,9/9/2023
53,844,732,102,611,1670,0.05,751.5,Credit Card,8/31/2024
54,532,488,113,1361,950,0.1,2850,Cash,12/11/2024
55,2968,500,19,212,6650,0.05,5985,Bank Transfer,10/30/2024
56,2547,687,184,1538,1870,0.1,3927,Cash,4/6/2024
57,145,444,244,470,18800,0.1,50760,Credit Card,7/25/2024
58,2691,639,181,599,5150,0.05,7725,Cash,12/30/2024
59,2671,1564,248,438,5700,0.1,20520,Cash,5/19/2024
60,970,2052,160,1312,6830,0.05,3756.5,Bank Transfer,2/26/2023
61,2921,470,4,1666,3120,0.05,2808,Bank Transfer,12/13/2024
62,1118,482,85,45,3330,0.1,10989,Credit Card,9/20/2024
63,936,1149,240,1207,4790,0.05,3592.5,Cash,11/23/2024
64,853,1013,159,752,2440,0.05,1220,Cash,12/18/2024
65,1713,1138,233,1275,1090,0.1,981,Bank Transfer,12/25/2024
66,169,1949,203,1335,2690,0.05,3900.5,Bank Transfer,7/26/2024
67,1724,572,84,34,,0.1,7749,Bank Transfer,5/26/2024
68,394,435,84,601,7300,0.05,2190,Credit Card,10/8/2024
69,2539,966,93,1694,1520,0.1,1520,Bank Transfer,5/5/2024
70,788,985,124,622,1350,0.1,4590,Credit Card,12/30/2024
71,136,1167,30,308,1550,0.1,930,Credit Card,12/4/2024
72,865,1675,244,969,3890,0.1,12059,Credit Card,5/18/2024
73,702,1934,121,687,1810,0.1,4887,Bank Transfer,1/11/2024
74,1684,657,244,1310,3610,0.1,9747,Cash,11/8/2024
75,2487,1708,22,827,6260,0.1,5008,Cash,10/30/2024
76,99,2015,214,280,1800,0.1,3240,Cash,5/25/2024
77,2564,645,203,447,1300,0.05,910,Bank Transfer,10/17/2023
78,1475,582,92,937,3710,0.05,5565,Bank Transfer,8/2/2024
79,1284,449,205,382,3760,0.05,2820,Bank Transfer,10/23/2024
80,1551,887,93,959,3420,0.1,6498,Cash,2/22/2024
81,924,1360,160,1748,8480,0.1,30528,Credit Card,8/19/2024
82,2776,1899,46,1443,1190,0.05,1606.5,Cash,11/15/2024
83,1255,294,244,1749,13380,0.1,42816,Bank Transfer,9/4/2024
84,2205,1864,89,1344,2940,0.1,6174,Credit Card,12/28/2024
85,2413,262,113,505,,0.1,3220,Bank Transfer,12/23/2024
86,385,1330,147,72,11530,0.1,21907,Bank Transfer,7/4/2024
87,1274,707,206,829,1660,0.05,2407,Bank Transfer,10/31/2024
88,205,1872,226,496,3430,0.1,7889,Credit Card,9/29/2023
89,2480,1306,232,193,2330,0.1,5592,Bank Transfer,8/30/2024
90,610,601,180,819,1140,0.05,912,Bank Transfer,5/12/2024
91,618,587,62,1397,4760,0.05,3332,Bank Transfer,1/8/2024
92,593,1976,140,75,6770,0.05,6431.5,Cash,10/24/2024
93,2286,1788,149,797,13510,0.05,17563,Cash,8/20/2024
94,817,253,46,768,1900,0.1,5320,Bank Transfer,11/22/2023
95,1969,1042,62,1131,4780,0.1,4302,Cash,7/24/2021
96,2204,1488,16,1411,4950,0.05,2970,Credit Card,9/1/2022
97,585,1668,171,332,11060,0.05,9401,Cash,7/19/2024
98,2878,630,232,197,8180,0.1,20450,Credit Card,12/24/2024
99,1579,1907,188,235,1800,0.1,1620,Credit Card,8/19/2023
100,599,1486,168,420,,0.05,2760,Cash,3/11/2023
101,438,612,4,1028,1050,0.05,630,Credit Card,2/6/2024
102,509,1791,191,62,3030,0.1,8181,Credit Card,12/11/2024
103,1362,1968,81,1608,3170,0.1,9510,Credit Card,12/17/2024
104,1129,656,5,356,2710,0.1,9756,Credit Card,2/27/2024
105,2071,1719,96,928,2510,0.05,2008,Bank Transfer,12/10/2024
106,1966,1182,17,501,1270,0.05,1397,Credit Card,8/20/2024
107,2435,2000,176,443,8140,0.1,5698,Bank Transfer,12/26/2024
108,2340,1595,205,889,3200,0.05,960,Cash,11/27/2024
109,2959,1875,100,466,6410,0.05,5128,Bank Transfer,6/15/2024
110,2641,748,100,397,1820,0.05,1547,Bank Transfer,8/16/2023
111,1633,1375,101,1422,3680,0.05,1472,Credit Card,12/21/2024
112,661,252,100,1106,3940,0.1,7880,Credit Card,6/3/2024
113,1856,1224,26,1496,3030,0.05,1515,Bank Transfer,12/21/2024
114,142,1051,52,1670,7630,0.05,9537.5,Credit Card,10/5/2024
115,1787,138,233,708,3060,0.1,9792,Credit Card,3/9/2023
116,2717,1324,217,46,5860,0.1,17580,Cash,3/20/2024
117,2277,1486,45,989,5760,0.05,4320,Credit Card,6/24/2023
118,1922,1745,240,780,,0.1,4056,Bank Transfer,12/21/2024
119,2726,2000,104,752,4080,0.1,9792,Bank Transfer,2/6/2024
120,1108,273,240,1480,3220,0.1,9338,Credit Card,3/16/2024
121,1188,48,12,1314,5940,0.05,10692,Bank Transfer,11/9/2024
122,368,792,14,506,2070,0.1,2484,Credit Card,6/19/2024
123,1295,1604,62,100,2880,0.1,8928,Cash,6/20/2023
124,1771,1218,97,1025,5480,0.05,7946,Credit Card,10/12/2024
125,126,14,206,111,3840,0.05,6144,Cash,11/6/2024
126,1996,1439,62,236,5390,0.1,18865,Bank Transfer,11/13/2024
127,2965,1590,212,447,3240,0.05,2268,Credit Card,12/30/2024
128,1488,349,215,24,3100,0.05,3720,Credit Card,12/29/2024
129,2793,722,14,1584,2960,0.1,7104,Bank Transfer,1/18/2024
130,54,1685,72,1414,7490,0.05,7490,Credit Card,12/19/2024
131,224,410,78,119,3280,0.05,2460,Bank Transfer,9/3/2024
132,2239,418,32,726,3030,0.1,3030,Cash,12/29/2024
133,1462,1711,248,1511,,0.1,9715,Cash,10/19/2023
134,1305,209,181,1046,1460,0.05,438,Bank Transfer,4/6/2022
135,1871,768,39,1230,2100,0.05,2415,Bank Transfer,9/17/2024
136,987,131,26,1277,3710,0.05,6678,Cash,6/24/2022
137,1085,894,120,1695,2220,0.1,6438,Bank Transfer,12/19/2024
138,1973,1646,149,1114,8180,0.1,8180,Cash,9/21/2022
139,2593,1890,194,169,1420,0.1,4118,Cash,2/11/2024
140,663,232,101,741,1650,0.1,1815,Credit Card,11/29/2023
141,693,860,213,1219,1750,0.05,2275,Cash,4/26/2024
142,2665,253,144,756,4010,0.05,5012.5,Credit Card,12/3/2024
143,2513,1784,232,327,12890,0.1,34803,Cash,1/17/2024
144,175,1936,100,311,7300,0.05,9125,Credit Card,9/24/2024
145,1236,237,101,867,12340,0.05,11106,Bank Transfer,12/7/2024
146,2987,1463,194,853,1580,0.1,2370,Cash,12/25/2024
147,1850,417,155,567,3780,0.05,5670,Credit Card,3/8/2024
148,795,1450,30,35,,0.1,1920,Bank Transfer,10/22/2023
149,2395,196,188,1643,12720,0.1,40704,Credit Card,12/20/2024
150,2554,1306,124,1374,2350,0.05,822.5,Cash,10/6/2024
151,2639,1984,36,1167,1720,0.1,4816,Credit Card,1/17/2024
152,1783,94,53,1352,4030,0.1,5642,Bank Transfer,12/9/2023
153,2331,775,212,22,1310,0.1,4323,Cash,10/12/2024
154,1746,1884,12,1704,6430,0.1,19290,Credit Card,8/26/2023
155,1521,1789,63,1751,3990,0.1,5187,Credit Card,11/2/2024
156,1497,1696,189,46,9250,0.05,7862.5,Credit Card,9/23/2024
157,957,1504,156,747,3380,0.05,3549,Cash,11/25/2024
158,479,1306,149,136,2510,0.05,2133.5,Cash,8/29/2024
159,1777,1742,180,780,5260,0.1,8416,Bank Transfer,10/5/2024
160,2874,1857,52,1019,4930,0.1,5916,Cash,12/12/2024
161,2364,1884,100,46,4450,0.05,7120,Cash,11/7/2024
162,2627,1134,208,557,2570,0.1,4626,Credit Card,12/5/2023
163,1654,106,147,1571,3450,0.1,5175,Cash,12/25/2024
164,1880,1297,233,1404,3580,0.1,8950,Bank Transfer,11/4/2024
165,2913,1748,120,1199,2650,0.1,5035,Cash,11/10/2024
166,413,1674,160,292,3330,0.05,4162.5,Credit Card,11/17/2024
167,2125,693,191,1188,1870,0.05,3272.5,Cash,10/7/2023
168,907,1422,212,327,7250,0.05,3987.5,Credit Card,12/30/2024
169,2568,1020,128,264,3030,0.1,7575,Credit Card,8/14/2024
170,1282,222,244,985,4040,0.1,12928,Bank Transfer,11/22/2024
171,1737,633,159,261,2570,0.05,4112,Credit Card,12/2/2024
172,1381,710,48,544,3880,0.1,8536,Credit Card,1/28/2024
173,1750,1402,46,102,2630,0.1,4734,Cash,12/4/2023
174,2083,130,44,484,1360,0.05,884,Bank Transfer,9/23/2024
175,121,636,184,814,10670,0.05,7469,Bank Transfer,7/29/2024
176,1480,2024,55,597,3510,0.1,9477,Cash,9/9/2023
177,432,412,208,1586,7940,0.1,24614,Bank Transfer,3/29/2021
178,2126,823,226,1074,7840,0.05,6272,Cash,8/20/2024
179,2752,1571,101,655,3990,0.1,3192,Bank Transfer,12/11/2022
180,2515,725,14,84,7930,0.05,8326.5,Credit Card,3/15/2023
181,2811,272,189,1418,10150,0.05,14717.5,Cash,12/3/2024
182,1628,1251,215,94,1330,0.1,2394,Cash,9/5/2023
183,185,674,32,648,3530,0.05,6177.5,Cash,12/18/2024
184,257,1419,156,1244,3380,0.1,11154,Bank Transfer,11/14/2024
185,2852,1531,97,733,6230,0.05,6853,Cash,4/11/2022
186,1718,1629,13,1692,1200,0.1,3480,Credit Card,12/17/2024
187,2019,998,162,911,4500,0.05,5175,Credit Card,10/21/2024
188,516,774,45,148,5800,0.1,9280,Cash,9/25/2024
189,2974,1555,71,989,5150,0.1,13905,Bank Transfer,8/19/2024
190,1366,1313,244,1023,1810,0.1,3077,Bank Transfer,8/24/2024
191,2135,1258,205,730,9970,0.05,12462.5,Bank Transfer,9/16/2024
192,1993,638,188,957,6130,0.1,12873,Cash,7/6/2024
193,1227,1458,14,1754,6350,0.1,13970,Credit Card,6/23/2024
194,266,1137,32,973,6200,0.1,19220,Cash,4/30/2022
195,2628,1444,44,718,970,0.1,2910,Cash,4/1/2024
196,886,1221,52,510,4300,0.05,5590,Bank Transfer,10/27/2024
197,860,1529,226,209,2130,0.1,4047,Cash,12/17/2024
198,2950,923,44,1021,1360,0.05,476,Credit Card,12/14/2021
199,545,1515,52,1481,8390,0.05,13004.5,Cash,12/2/2024
200,975,1469,36,442,6070,0.05,10319,Credit Card,9/25/2023
201,1658,1819,92,800,980,0.1,2450,Bank Transfer,4/9/2024
202,393,352,194,935,4610,0.1,16135,Bank Transfer,11/22/2024
203,2992,1152,197,8,1220,0.05,1037,Cash,12/6/2024
204,1646,2053,95,244,5670,0.05,2835,Bank Transfer,12/17/2024
205,1052,506,147,153,4640,0.05,2784,Credit Card,9/4/2023
206,2344,1731,182,684,2950,0.1,5900,Bank Transfer,12/13/2022
207,2253,525,176,774,2670,0.05,2670,Credit Card,11/11/2024
208,1021,902,100,705,12900,0.1,32250,Credit Card,12/19/2024
209,1781,927,121,1229,10310,0.05,4639.5,Credit Card,3/18/2024
210,64,1965,35,78,8750,0.05,15750,Cash,9/10/2024
211,781,412,53,1387,1480,0.05,2516,Credit Card,8/3/2024
212,2441,852,17,1131,1780,0.05,3026,Credit Card,7/30/2023
213,2323,1212,96,812,1040,0.05,1248,Credit Card,10/4/2023
214,2777,1631,35,1037,4440,0.05,6882,Bank Transfer,5/11/2024
215,68,1666,46,493,4490,0.1,4041,Bank Transfer,11/26/2024
216,840,1733,82,20,1020,0.05,714,Cash,8/21/2024
217,484,747,50,1234,1850,0.05,3330,Credit Card,11/12/2024
218,880,1952,128,524,2600,0.1,8320,Bank Transfer,5/20/2024
219,717,1224,226,1134,7000,0.05,5250,Cash,6/25/2023
220,1098,655,203,506,12200,0.1,41480,Credit Card,8/9/2024
221,2446,1030,140,219,2050,0.05,1537.5,Credit Card,1/25/2024
222,2479,1083,179,1460,1180,0.05,1652,Bank Transfer,7/29/2023
223,1369,222,217,768,4170,0.1,3753,Credit Card,12/21/2024
224,151,1992,219,1732,5240,0.05,9170,Cash,12/30/2024
225,542,1821,4,273,4220,0.1,5908,Cash,7/7/2024
226,636,1857,3,1232,1570,0.05,1884,Cash,11/9/2024
227,2642,576,12,1298,7550,0.05,10947.5,Credit Card,10/4/2023
228,1394,491,159,1,4620,0.05,3234,Cash,8/14/2023
229,1046,1014,132,438,1110,0.05,555,Cash,12/17/2024
230,2971,102,50,1062,2180,0.1,5232,Cash,11/30/2024
231,2348,1725,120,1261,3380,0.05,1183,Credit Card,4/29/2022
232,2702,6,44,1655,1940,0.05,1940,Bank Transfer,11/3/2024
233,2531,1714,185,1003,2830,0.05,1981,Credit Card,8/21/2024
234,1874,1015,232,1173,1700,0.05,850,Cash,1/2/2023
235,1262,1076,232,1038,7870,0.1,23610,Bank Transfer,8/31/2023
236,2180,1979,219,664,1980,0.1,4356,Credit Card,3/3/2024
237,1224,1314,213,601,4100,0.05,4100,Bank Transfer,8/2/2024
238,106,857,219,579,2270,0.05,2837.5,Bank Transfer,7/24/2024
239,1013,752,39,892,1510,0.1,2718,Credit Card,11/5/2024
240,235,868,60,1622,6980,0.05,11517,Credit Card,3/3/2022
241,338,1935,205,724,7270,0.1,5816,Credit Card,4/12/2024
242,622,2036,219,1666,1370,0.05,548,Credit Card,7/11/2024
243,2612,469,162,870,2380,0.05,2975,Credit Card,11/3/2024
244,1753,676,162,1752,1330,0.05,798,Cash,12/9/2024
245,605,837,85,608,5940,0.05,3267,Bank Transfer,12/14/2024
246,2371,1639,197,821,3130,0.05,2973.5,Bank Transfer,9/21/2024
247,1473,768,184,187,1080,0.1,2376,Credit Card,9/2/2024
248,1901,847,179,938,5380,0.1,14526,Credit Card,4/19/2024
249,2984,875,30,666,1550,0.1,4650,Credit Card,8/4/2022
250,553,310,89,932,1980,0.05,1386,Bank Transfer,12/28/2024
251,772,345,232,288,9330,0.05,14928,Cash,9/12/2024
252,1911,1506,149,1103,7560,0.05,7938,Cash,12/15/2024
253,442,1706,62,1741,5920,0.05,3256,Bank Transfer,11/18/2024
254,2475,407,53,1349,9070,0.05,14058.5,Credit Card,12/29/2024
255,1693,1867,180,912,3310,0.1,6289,Cash,8/19/2023
256,1196,929,159,866,1130,0.1,1469,Bank Transfer,2/19/2023
257,761,1030,226,1631,950,0.05,1330,Bank Transfer,12/11/2024
258,1486,875,87,1473,4430,0.05,2658,Credit Card,11/27/2024
259,2379,1994,162,524,1180,0.1,3422,Bank Transfer,11/24/2024
260,2385,1772,12,281,6310,0.1,11358,Cash,8/2/2024
261,1325,611,108,1267,8220,0.05,5754,Bank Transfer,5/28/2024
262,1468,47,156,814,6460,0.1,9690,Cash,12/1/2024
263,961,1002,168,177,5510,0.05,8540.5,Credit Card,5/11/2023
264,2063,1962,26,1119,2130,0.1,7242,Cash,12/3/2023
265,551,118,181,1406,8420,0.1,9262,Cash,12/16/2024
266,790,427,44,1237,1330,0.05,1463,Bank Transfer,12/28/2023
267,2203,1069,97,856,6410,0.1,12820,Credit Card,6/18/2024
268,2270,1597,108,406,4060,0.05,6699,Credit Card,7/24/2024
269,2849,1680,167,1456,4440,0.1,15984,Bank Transfer,12/19/2024
270,2772,1614,171,120,1090,0.1,1090,Credit Card,11/3/2024
271,1955,987,89,798,3310,0.1,8606,Credit Card,9/24/2024
272,119,137,123,446,1380,0.05,414,Cash,11/23/2024
273,1070,1592,22,706,6310,0.05,7256.5,Cash,4/10/2024
274,2747,454,123,1036,1770,0.05,2478,Bank Transfer,12/22/2024
275,230,674,157,711,2800,0.05,980,Bank Transfer,2/7/2024
276,1258,366,55,453,10800,0.05,14040,Credit Card,12/15/2024
277,1228,201,85,26,2280,0.05,1254,Credit Card,12/9/2024
278,1971,404,191,182,3170,0.05,1268,Bank Transfer,2/20/2024
279,1239,568,144,766,8590,0.05,6442.5,Cash,6/28/2024
280,1712,182,214,323,7710,0.1,22359,Bank Transfer,12/1/2023
281,1267,1959,108,1748,4020,0.05,3216,Cash,12/24/2024
282,2886,198,162,1201,5480,0.1,19180,Bank Transfer,12/24/2024
283,1338,576,60,53,7900,0.1,8690,Cash,9/4/2022
284,2396,846,102,2,4660,0.1,6990,Credit Card,11/19/2024
285,1999,1835,140,1184,11580,0.1,31266,Cash,7/23/2023
286,388,836,176,358,3310,0.1,10592,Cash,10/29/2024
287,644,1875,215,1588,3080,0.1,8932,Bank Transfer,10/11/2024
288,1754,99,67,499,4420,0.05,4641,Credit Card,10/8/2024
289,482,993,180,157,5170,0.1,14476,Cash,11/17/2024
290,776,1384,214,1343,790,0.1,1027,Cash,9/8/2024
291,293,795,219,578,4950,0.1,13860,Bank Transfer,7/22/2023
292,2092,2010,4,167,2940,0.05,2205,Credit Card,10/5/2023
293,794,142,73,1681,3830,0.1,6128,Bank Transfer,6/4/2024
294,444,189,3,1108,1200,0.05,1740,Cash,7/14/2024
295,2871,687,100,591,7830,0.1,24273,Cash,12/9/2023
296,737,460,71,509,6940,0.05,8328,Credit Card,11/16/2024
297,2485,694,97,816,10730,0.1,11803,Cash,10/21/2021
298,27,1808,197,92,4000,0.1,9600,Cash,5/22/2023
299,311,495,26,1175,8650,0.1,6920,Credit Card,11/7/2024
300,1792,1090,60,477,2400,0.1,4080,Bank Transfer,12/15/2024
301,627,1494,212,1072,1520,0.05,1672,Credit Card,10/30/2023
302,665,2030,3,1575,1190,0.1,2856,Bank Transfer,5/15/2023
303,1694,427,32,581,1800,0.05,810,Cash,11/10/2024
304,646,105,57,1052,2900,0.05,5220,Bank Transfer,9/3/2024
305,1552,1912,248,794,9980,0.1,26946,Bank Transfer,12/30/2024
306,1917,337,155,382,9440,0.05,11328,Credit Card,12/30/2024
307,2967,1968,53,2,4930,0.1,6902,Credit Card,9/2/2024
308,1616,689,62,1627,3880,0.1,4268,Bank Transfer,9/7/2024
309,1675,611,217,1685,2590,0.1,2849,Cash,12/3/2024
310,2084,805,12,504,11630,0.1,30238,Credit Card,8/1/2024
311,2264,227,194,762,4320,0.05,6048,Credit Card,12/23/2024
312,926,1688,48,435,1770,0.05,1681.5,Cash,3/3/2024
313,287,1563,132,1622,3730,0.1,2611,Cash,11/1/2023
314,1364,1381,93,885,1200,0.05,1440,Cash,10/17/2024
315,2460,1076,3,494,1120,0.1,3248,Bank Transfer,3/27/2024
316,2141,1152,100,533,7360,0.05,2576,Cash,7/28/2024
317,2177,1117,12,1352,1570,0.1,1727,Credit Card,6/14/2024
318,1159,945,60,1522,730,0.05,876,Cash,8/21/2024
319,1397,1773,78,1538,6600,0.1,3960,Cash,12/3/2024
320,354,1686,217,925,1320,0.1,3300,Bank Transfer,4/26/2024
321,2579,735,30,1515,1970,0.1,2758,Bank Transfer,12/30/2023
322,2220,594,96,542,9850,0.1,13790,Bank Transfer,7/15/2022
323,2583,595,63,613,2080,0.05,832,Bank Transfer,10/4/2024
324,843,912,140,348,3270,0.05,5722.5,Cash,9/1/2022
325,1958,1297,155,495,2690,0.05,4304,Bank Transfer,10/25/2024
326,1049,424,52,1658,10620,0.05,9027,Credit Card,12/30/2024
327,1178,1352,84,214,4570,0.1,9140,Credit Card,11/17/2024
328,2461,1285,181,635,4820,0.05,2410,Bank Transfer,8/7/2023
329,2072,1414,219,446,1790,0.1,4117,Cash,4/7/2024
330,2257,1367,184,242,15130,0.1,51442,Credit Card,10/12/2024
331,200,875,128,244,8440,0.1,14348,Bank Transfer,10/19/2024
332,2426,633,171,74,1840,0.05,2392,Credit Card,12/17/2024
333,2315,1031,26,1305,2940,0.1,4998,Cash,8/24/2024
334,1180,1447,149,1502,7850,0.1,10990,Credit Card,11/19/2024
335,2372,969,144,506,11920,0.1,42912,Credit Card,10/18/2024
336,342,1141,176,317,4070,0.1,9361,Bank Transfer,12/22/2023
337,1461,463,78,1236,2990,0.05,897,Credit Card,11/20/2024
338,2266,1211,155,1212,6410,0.1,17307,Bank Transfer,9/7/2024
339,826,536,16,309,2380,0.1,3570,Bank Transfer,6/13/2024
340,941,1517,45,71,2000,0.05,800,Cash,11/25/2024
341,1290,99,35,236,11050,0.1,23205,Credit Card,12/29/2024
342,1443,736,3,683,3010,0.05,2107,Credit Card,1/30/2024
343,1097,932,189,503,6690,0.1,24084,Bank Transfer,10/31/2024
344,1182,1831,19,92,4230,0.1,8460,Cash,5/17/2024
345,2262,2016,244,1631,1240,0.05,1426,Credit Card,8/10/2024
346,807,783,46,185,1390,0.1,2502,Credit Card,11/29/2021
347,692,87,180,1026,3100,0.05,4650,Bank Transfer,12/27/2024
348,981,1930,215,1609,3860,0.05,1544,Bank Transfer,5/11/2024
349,1249,163,26,941,1600,0.1,2240,Bank Transfer,12/8/2024
350,2492,144,67,91,3190,0.1,3190,Credit Card,6/1/2023
351,2001,243,2,4,2420,0.1,4840,Bank Transfer,5/18/2023
352,1471,517,46,601,13790,0.05,15858.5,Bank Transfer,11/8/2024
353,2990,708,46,708,3060,0.05,3519,Cash,12/9/2024
354,791,1585,36,134,4510,0.05,6539.5,Credit Card,11/1/2024
355,259,365,206,333,6520,0.1,23472,Bank Transfer,7/10/2024
356,400,1645,28,1324,3940,0.1,13396,Credit Card,7/31/2023
357,638,1837,12,39,2810,0.05,1405,Bank Transfer,12/28/2024
358,2900,1962,132,630,2050,0.05,3485,Credit Card,7/1/2024
359,2999,1735,244,1497,5100,0.05,2805,Cash,4/19/2024
360,658,287,149,437,2720,0.05,1768,Bank Transfer,11/4/2024
361,863,1736,104,517,4150,0.1,14940,Cash,12/24/2024
362,921,829,240,482,4020,0.1,4020,Credit Card,4/7/2024
363,834,1142,197,1692,5950,0.05,5057.5,Bank Transfer,2/23/2024
364,2173,2003,28,1712,1330,0.05,997.5,Cash,12/19/2024
365,2139,1667,167,159,1860,0.05,1116,Cash,10/12/2024
366,188,1617,72,237,4250,0.05,6587.5,Bank Transfer,12/3/2024
367,2580,709,162,445,6860,0.05,6517,Bank Transfer,11/16/2024
368,2102,1410,184,80,8610,0.05,12915,Bank Transfer,11/19/2024
369,1245,1172,160,550,3520,0.1,9504,Bank Transfer,10/10/2024
370,1706,1897,244,233,8150,0.1,24450,Bank Transfer,2/11/2024
371,1960,1784,96,455,8150,0.05,11817.5,Bank Transfer,11/7/2024
372,2465,1127,124,1381,5980,0.1,15548,Bank Transfer,9/25/2024
373,1931,1143,85,1415,660,0.1,1914,Credit Card,5/15/2024
374,645,753,93,482,6140,0.1,19648,Cash,2/2/2023
375,634,896,233,1078,5780,0.05,3757,Bank Transfer,2/26/2024
376,1524,1794,14,922,6100,0.05,3050,Credit Card,10/18/2024
377,2846,1956,89,114,8570,0.05,6427.5,Credit Card,12/5/2024
378,1056,2048,17,306,5950,0.1,14280,Credit Card,6/16/2024
379,1644,1358,14,1373,1270,0.1,3302,Cash,8/6/2023
380,606,51,53,585,3690,0.05,4428,Bank Transfer,12/18/2024
381,727,1174,32,409,1650,0.05,2062.5,Credit Card,2/9/2024
382,785,1993,73,383,3240,0.05,5670,Bank Transfer,9/20/2024
383,2677,1104,28,201,2460,0.1,7134,Bank Transfer,3/31/2024
384,127,1206,95,239,3520,0.05,3696,Credit Card,11/11/2024
385,955,1221,180,1615,9340,0.1,7472,Bank Transfer,10/6/2024
386,2828,1794,82,567,7690,0.1,15380,Credit Card,12/20/2024
387,964,1585,147,335,3370,0.05,4718,Credit Card,12/29/2024
388,1932,667,78,855,7280,0.05,4004,Bank Transfer,10/23/2024
389,2924,410,232,1366,5750,0.05,1725,Credit Card,12/22/2024
390,1943,1250,203,350,6450,0.05,10642.5,Credit Card,4/27/2023
391,2718,890,205,248,2230,0.1,5129,Cash,10/2/2024
392,1536,47,67,1282,5030,0.1,3018,Bank Transfer,4/3/2023
393,742,998,73,572,6090,0.05,5785.5,Bank Transfer,12/16/2024
394,1132,64,132,1425,840,0.1,1260,Cash,5/15/2024
395,1083,1813,12,1215,970,0.05,1455,Cash,8/21/2023
396,1313,529,197,42,6210,0.05,7762.5,Bank Transfer,3/4/2024
397,1566,1925,244,434,6990,0.05,10135.5,Bank Transfer,2/18/2024
398,2382,870,53,436,1050,0.1,630,Bank Transfer,8/19/2024
399,2168,455,182,761,3330,0.05,2331,Bank Transfer,5/30/2023
400,2042,655,188,1467,12090,0.1,35061,Credit Card,8/25/2023
401,895,1850,226,279,3430,0.05,1029,Bank Transfer,1/24/2024
402,2249,1794,182,1472,7740,0.05,8514,Bank Transfer,3/17/2022
403,1181,109,82,1460,3360,0.1,4368,Bank Transfer,9/17/2023
404,729,1388,240,444,750,0.1,1650,Bank Transfer,9/20/2024
405,2724,592,132,364,6080,0.1,5472,Bank Transfer,10/2/2024
406,704,980,159,289,4090,0.05,4499,Credit Card,11/28/2024
407,2291,1995,16,1092,8160,0.05,14280,Credit Card,12/28/2024
408,178,1731,30,1412,2800,0.05,2100,Bank Transfer,5/25/2023
409,267,298,214,392,3800,0.1,5700,Cash,11/3/2021
410,2185,1826,214,100,17250,0.1,55200,Cash,7/20/2024
411,32,683,157,92,4630,0.05,6250.5,Credit Card,11/1/2022
412,1208,543,108,1588,5810,0.1,9296,Bank Transfer,12/23/2024
413,389,1006,97,1267,3030,0.1,6969,Bank Transfer,9/13/2024
414,1921,463,179,1489,2990,0.1,5681,Cash,8/30/2024
415,2740,1094,60,276,1870,0.05,1496,Credit Card,9/8/2024
416,597,1446,214,1334,4350,0.05,4785,Cash,6/22/2024
417,1493,1177,162,370,6670,0.1,8671,Bank Transfer,10/14/2024
418,1773,182,123,1544,8360,0.05,15048,Credit Card,8/20/2024
419,1501,1335,78,996,3920,0.05,3920,Bank Transfer,9/18/2024
420,2448,1751,152,938,1840,0.1,1840,Bank Transfer,12/11/2024
421,1556,1715,104,331,7230,0.05,3615,Credit Card,4/13/2024
422,738,1888,17,653,4400,0.05,6600,Bank Transfer,3/21/2024
423,799,418,62,247,3650,0.1,12045,Bank Transfer,11/18/2024
424,291,1452,157,1191,2620,0.05,1179,Bank Transfer,11/1/2022
425,864,1522,168,336,1700,0.05,3060,Credit Card,3/24/2024
426,650,104,219,564,2290,0.05,2633.5,Bank Transfer,11/29/2024
427,2420,1674,240,1217,2090,0.05,1776.5,Credit Card,8/13/2024
428,1935,907,103,377,1070,0.05,1230.5,Credit Card,8/19/2024
429,294,1937,36,570,18490,0.1,31433,Credit Card,12/23/2024
430,1527,1373,13,1419,1970,0.1,3152,Cash,3/19/2022
431,2653,76,240,633,9040,0.05,7684,Credit Card,10/13/2023
432,1806,1862,157,589,6390,0.05,3195,Cash,9/14/2023
433,292,549,194,474,9210,0.05,12894,Bank Transfer,12/26/2024
434,2619,1200,4,1546,2500,0.1,7500,Cash,5/23/2023
435,2294,1581,184,1554,3160,0.05,4266,Cash,12/30/2024
436,523,1183,157,445,6300,0.05,3150,Cash,12/29/2024
437,1173,1869,46,1132,2370,0.05,1422,Bank Transfer,9/29/2024
438,615,1656,44,54,1050,0.1,840,Cash,12/26/2024
439,718,803,26,1754,7250,0.1,13050,Bank Transfer,6/23/2022
440,2922,1074,180,858,3810,0.1,11811,Cash,11/18/2024
441,919,983,67,591,4230,0.05,5076,Bank Transfer,8/13/2024
442,720,680,52,503,12420,0.1,28566,Cash,12/17/2024
443,1332,1409,205,1064,6910,0.05,9328.5,Credit Card,12/29/2024
444,667,1714,78,187,1600,0.05,2320,Bank Transfer,12/9/2024
445,2596,1953,82,1261,3350,0.1,9045,Credit Card,8/4/2023
446,1907,15,101,1292,700,0.1,1540,Cash,11/25/2024
447,1229,1688,240,1409,3650,0.1,6935,Cash,1/18/2024
448,2773,1369,44,1363,6320,0.05,3160,Cash,11/8/2024
449,2986,1018,113,1446,1040,0.05,520,Credit Card,9/16/2024
450,1043,1787,157,636,3870,0.05,5418,Credit Card,9/17/2024
451,1716,677,140,947,1400,0.1,2660,Cash,12/23/2024
452,2825,600,121,1226,8450,0.1,5915,Bank Transfer,9/29/2024
453,1854,857,62,895,2560,0.05,768,Cash,12/23/2021
454,1356,2007,85,541,14870,0.05,18587.5,Credit Card,10/6/2020
455,2428,1532,147,1241,15080,0.1,15080,Cash,9/10/2024
456,1197,120,108,1330,2400,0.05,3840,Cash,9/16/2023
457,2645,1122,82,731,5250,0.05,6562.5,Cash,3/1/2024
458,1815,1144,120,1345,1740,0.1,6090,Bank Transfer,8/7/2023
459,2030,1359,16,598,2160,0.1,6912,Bank Transfer,12/30/2024
460,1091,557,215,1557,15480,0.05,13932,Bank Transfer,8/5/2023
461,1368,1706,188,182,2690,0.05,2152,Bank Transfer,11/30/2024
462,2571,1957,73,259,6620,0.1,15888,Credit Card,12/28/2024
463,716,1374,104,1700,1980,0.1,2574,Credit Card,7/6/2024
464,1979,1556,14,1649,5990,0.05,8386,Bank Transfer,8/24/2024
465,2736,78,3,1444,1640,0.1,2460,Credit Card,4/18/2023
466,2859,605,214,351,3060,0.1,3060,Cash,12/14/2024
467,2301,90,81,719,6910,0.05,12438,Credit Card,11/26/2020
468,1745,83,144,1035,11160,0.1,36828,Cash,7/22/2024
469,85,1866,52,419,12450,0.1,43575,Cash,11/27/2024
470,67,618,81,1662,9900,0.1,16830,Cash,4/30/2023
471,550,96,48,929,13230,0.1,43659,Credit Card,11/11/2021
472,1639,1514,95,752,6080,0.05,3040,Credit Card,5/7/2023
473,2121,1276,160,506,7960,0.05,12736,Cash,12/6/2023
474,289,899,2,370,1620,0.05,891,Credit Card,11/30/2024
475,694,364,16,560,2560,0.1,1536,Credit Card,11/18/2023
476,2993,322,13,195,11360,0.05,14200,Credit Card,1/22/2024
477,1820,1379,144,1285,1420,0.05,1704,Bank Transfer,7/26/2022
478,1090,1025,184,376,3480,0.05,3828,Cash,5/24/2024
479,2638,633,205,948,3480,0.05,5916,Bank Transfer,7/2/2023
480,1416,589,4,919,1150,0.05,1437.5,Cash,8/3/2024
481,2985,56,67,1575,2560,0.1,3328,Bank Transfer,4/14/2024
482,1234,1312,90,1284,3070,0.1,3684,Cash,12/30/2024
483,12,138,167,484,3700,0.1,5920,Cash,12/15/2024
484,232,1024,181,1034,3760,0.05,2632,Cash,12/30/2024
485,1678,166,104,136,1610,0.1,4830,Bank Transfer,4/4/2024
486,2575,651,81,234,1610,0.05,2012.5,Bank Transfer,12/24/2023
487,1899,1739,226,902,8190,0.05,7780.5,Bank Transfer,9/17/2024
488,2265,1186,162,1578,3330,0.1,3663,Bank Transfer,12/24/2023
489,1446,840,191,1656,6570,0.1,6570,Cash,11/16/2024
490,2074,8,90,658,3270,0.05,1144.5,Cash,12/22/2024
491,858,1818,233,469,3260,0.1,4564,Cash,12/14/2022
492,1370,932,84,1083,12680,0.05,17752,Cash,10/5/2024
493,1028,1660,82,1248,6050,0.1,18150,Bank Transfer,8/14/2021
494,1206,514,22,1060,1250,0.1,1250,Credit Card,3/14/2024
495,700,1714,140,1722,3140,0.05,3611,Credit Card,12/20/2024
496,989,1762,103,1660,1870,0.05,2244,Bank Transfer,3/17/2024
497,1002,1489,85,712,2430,0.05,1215,Cash,12/2/2024
498,2409,1268,96,951,5850,0.1,16965,Bank Transfer,10/28/2024
499,710,1589,140,1382,7310,0.1,17544,Credit Card,12/11/2024
500,1538,1270,215,520,7660,0.05,10341,Bank Transfer,4/4/2022
501,2045,983,89,937,1300,0.1,780,Cash,11/13/2023
502,17,1792,30,429,1650,0.1,4290,Cash,7/24/2024
503,204,43,32,517,3280,0.1,3280,Bank Transfer,9/6/2024
504,951,633,191,22,6010,0.05,9616,Bank Transfer,10/29/2024
505,1772,1361,128,4,1140,0.05,1938,Bank Transfer,12/27/2024
506,1442,1826,121,1307,2550,0.05,2422.5,Cash,11/1/2024
507,1379,488,52,1656,9730,0.1,10703,Cash,11/25/2024
508,1617,1666,45,830,2990,0.1,8372,Credit Card,5/19/2024
509,945,1108,162,1181,2700,0.1,3510,Credit Card,9/1/2023
510,2238,1056,203,1680,1390,0.05,764.5,Cash,11/26/2024
511,1154,796,3,110,6530,0.1,11754,Credit Card,12/5/2024
512,2157,936,48,1496,1760,0.05,2288,Bank Transfer,12/7/2024
513,2427,429,123,758,1820,0.05,2002,Credit Card,12/30/2024
514,2015,1304,191,1462,1650,0.05,2062.5,Bank Transfer,12/29/2024
515,528,1280,44,947,2840,0.05,2272,Bank Transfer,5/29/2024
516,1297,1907,62,1283,2700,0.05,1350,Credit Card,12/18/2023
517,1605,1496,205,1212,2190,0.1,5913,Cash,10/21/2024
518,1774,135,244,1181,7890,0.1,22092,Credit Card,9/28/2024
519,1252,1637,232,1,4660,0.05,1864,Bank Transfer,8/24/2024
520,143,518,213,906,2960,0.1,8584,Bank Transfer,11/29/2024
521,1893,405,176,590,2790,0.1,8091,Bank Transfer,8/29/2022
522,1791,701,159,1192,3760,0.1,11280,Cash,12/28/2024
523,488,1019,121,1014,4830,0.1,16422,Credit Card,11/16/2024
524,1438,1710,78,459,1540,0.1,2002,Cash,10/7/2024
525,1299,198,132,26,1430,0.1,2431,Credit Card,5/5/2024
526,1881,1989,147,76,3440,0.1,4472,Credit Card,12/15/2024
527,2730,1107,162,1164,9570,0.1,24882,Cash,7/24/2024
528,2680,1626,182,932,5480,0.05,9590,Credit Card,11/7/2024
529,1855,1337,72,639,4410,0.05,1984.5,Credit Card,12/12/2024
530,1662,532,197,1670,7300,0.05,11315,Bank Transfer,8/3/2024
531,1607,576,120,357,900,0.05,1305,Cash,11/30/2024
532,2683,497,144,497,1500,0.05,1500,Credit Card,10/27/2023
533,1890,1768,128,1120,4160,0.05,4784,Cash,8/19/2024
534,2800,771,180,112,4340,0.1,15190,Bank Transfer,9/12/2024
535,1803,545,101,1406,1900,0.05,760,Bank Transfer,6/8/2024
536,613,1243,149,542,1480,0.1,5328,Credit Card,4/12/2024
537,1321,1233,32,1025,11550,0.1,12705,Cash,6/14/2024
538,824,140,217,3,4190,0.1,7961,Credit Card,9/30/2024
539,5,1631,214,1269,2440,0.1,5612,Cash,8/16/2022
540,19,1918,128,115,20070,0.05,36126,Cash,5/17/2023
541,696,1451,22,396,4120,0.05,2266,Credit Card,11/10/2023
542,1216,1454,191,1602,3040,0.1,3344,Cash,8/30/2024
543,1697,913,182,1516,1880,0.1,2820,Bank Transfer,11/14/2024
544,2966,56,147,254,4430,0.1,7088,Credit Card,12/15/2024
545,500,1719,84,1539,8000,0.05,6400,Bank Transfer,2/18/2024
546,1244,1154,44,1724,6900,0.1,23460,Cash,10/24/2024
547,61,1645,60,1634,2590,0.05,3496.5,Bank Transfer,5/31/2024
548,2089,643,97,798,14680,0.05,14680,Cash,1/19/2024
549,1564,1160,81,1212,7760,0.05,13192,Cash,12/22/2023
550,2144,465,39,960,7140,0.1,9996,Cash,12/14/2024
551,1373,15,26,869,2040,0.05,3264,Bank Transfer,11/14/2023
552,2637,1373,82,1186,2380,0.1,4998,Credit Card,10/23/2024
553,2359,666,233,1072,2080,0.05,3536,Cash,11/22/2024
554,590,1065,180,319,3170,0.05,3170,Credit Card,11/24/2024
555,58,2019,101,255,5640,0.05,5076,Credit Card,10/3/2023
556,748,1112,208,1034,6190,0.05,6499.5,Credit Card,12/19/2024
557,105,566,184,464,2960,0.1,7992,Credit Card,7/22/2024
558,220,1231,244,1190,3280,0.05,5740,Credit Card,5/18/2024
559,2762,1321,17,389,15930,0.05,23895,Bank Transfer,4/19/2024
560,120,260,36,1373,7930,0.05,4758,Credit Card,9/7/2024
561,2193,204,162,1236,10970,0.1,20843,Cash,11/24/2023
562,491,663,203,583,3770,0.1,12064,Credit Card,7/5/2024
563,248,1496,90,1654,1220,0.05,1037,Cash,9/6/2022
564,2307,1294,35,684,1070,0.1,2354,Cash,10/6/2024
565,1348,876,82,383,1660,0.1,1992,Cash,11/27/2024
566,159,331,188,1079,4060,0.1,9338,Bank Transfer,9/22/2024
567,1863,1235,176,344,5040,0.1,7056,Bank Transfer,5/20/2023
568,1853,633,39,1556,1570,0.1,4396,Bank Transfer,12/5/2024
569,101,594,4,29,11160,0.05,14508,Credit Card,9/1/2024
570,2175,1412,81,1582,2750,0.1,8525,Cash,9/14/2024
571,1174,537,152,1511,1560,0.05,2652,Cash,12/4/2024
572,1567,628,46,444,2470,0.05,3828.5,Cash,7/9/2023
573,1561,732,219,1620,1770,0.1,1062,Bank Transfer,11/18/2024
574,1580,1640,4,1273,5800,0.1,4060,Cash,10/13/2023
575,1191,1020,121,461,1260,0.1,756,Bank Transfer,7/18/2024
576,1054,1574,14,749,6930,0.05,4851,Bank Transfer,5/18/2024
577,2399,1476,14,1101,2570,0.1,2570,Cash,6/23/2023
578,2555,1780,53,1712,4960,0.1,3968,Cash,10/6/2024
579,1555,1126,171,970,1600,0.1,1280,Cash,2/16/2024
580,128,1543,97,1184,3300,0.1,5280,Credit Card,2/14/2023
581,192,1765,167,1287,2200,0.1,1540,Cash,12/7/2024
582,1276,1412,63,1233,4750,0.1,7125,Bank Transfer,4/22/2024
583,436,1281,144,416,13400,0.1,46900,Credit Card,6/7/2024
584,625,1626,147,656,8090,0.05,4854,Credit Card,1/5/2022
585,809,644,108,435,2990,0.1,4485,Bank Transfer,1/28/2023
586,1169,124,132,116,5670,0.1,9639,Bank Transfer,9/22/2023
587,1482,1946,45,1315,4530,0.1,11325,Bank Transfer,12/26/2024
588,1400,1141,160,739,1980,0.05,2871,Cash,12/12/2024
589,406,1585,214,829,3260,0.05,3912,Credit Card,11/9/2024
590,231,123,67,348,3330,0.1,9990,Cash,12/20/2024
591,2887,965,96,866,2360,0.1,1888,Cash,12/1/2024
592,1661,1833,55,935,5240,0.05,1572,Bank Transfer,11/30/2024
593,462,442,28,1147,4720,0.1,3304,Cash,6/10/2024
594,1494,1616,85,980,3370,0.1,9773,Bank Transfer,12/5/2024
595,112,451,60,1637,8060,0.05,12090,Cash,7/10/2024
596,1210,1225,72,950,4210,0.1,13051,Credit Card,6/5/2024
597,1799,1016,50,1550,3660,0.05,3477,Bank Transfer,7/31/2024
598,1885,1940,67,723,6310,0.1,12620,Bank Transfer,10/13/2023
599,1544,520,12,1442,3940,0.05,1773,Bank Transfer,9/19/2023
600,1377,794,81,1678,3610,0.05,5956.5,Credit Card,11/23/2024
601,411,1847,188,1544,3570,0.1,7140,Bank Transfer,11/28/2024
602,290,502,30,1243,1120,0.1,3360,Bank Transfer,11/3/2023
603,1760,163,191,1414,11650,0.1,30290,Cash,10/11/2024
604,174,1295,206,1489,4160,0.1,9152,Credit Card,7/18/2024
605,2415,519,206,713,3790,0.1,8338,Cash,12/9/2024
606,2199,1106,104,701,2300,0.1,1380,Credit Card,10/17/2024
607,1204,1724,155,232,1370,0.05,1027.5,Bank Transfer,3/27/2024
608,1357,935,52,651,3470,0.05,5552,Bank Transfer,5/9/2024
609,1086,205,162,572,7750,0.05,6200,Bank Transfer,12/7/2024
610,375,1031,89,402,6430,0.05,9966.5,Credit Card,4/29/2024
611,562,1519,214,24,2970,0.05,2079,Cash,8/21/2023
612,690,716,22,47,6200,0.1,22320,Bank Transfer,12/30/2024
613,2130,778,232,11,4720,0.1,4720,Credit Card,4/3/2024
614,1367,646,149,367,1900,0.1,4370,Credit Card,12/3/2024
615,745,554,71,213,2950,0.1,8555,Bank Transfer,12/10/2024
616,201,219,101,1189,3360,0.05,5880,Cash,6/7/2024
617,1387,841,184,896,3110,0.1,10574,Credit Card,9/2/2024
618,1707,1505,203,435,7310,0.1,24854,Cash,5/29/2024
619,2232,572,82,1259,9510,0.05,2853,Bank Transfer,8/4/2024
620,2334,330,96,1275,3200,0.1,6080,Bank Transfer,4/18/2023
621,1905,959,14,1546,8750,0.05,4812.5,Cash,10/29/2024
622,2663,1146,32,703,5010,0.1,8016,Credit Card,12/30/2023
623,1587,964,171,463,11530,0.05,9224,Cash,12/18/2024
624,2707,129,167,954,4690,0.05,6566,Cash,9/29/2024
625,670,1207,84,544,3790,0.05,2653,Cash,7/5/2023
626,2519,881,44,1321,1260,0.1,1386,Cash,11/13/2024
627,2442,837,128,1614,2340,0.05,2223,Cash,6/19/2022
628,878,1654,32,1006,3320,0.05,5146,Bank Transfer,8/18/2024
629,538,1792,156,1352,17080,0.1,37576,Credit Card,11/8/2024
630,2861,1541,244,1106,3390,0.05,6102,Credit Card,8/10/2024
631,1964,808,188,492,2550,0.1,7140,Credit Card,9/27/2024
632,687,351,60,558,1410,0.1,4512,Cash,12/30/2024
633,2744,2006,157,1319,1570,0.1,3925,Credit Card,6/15/2022
634,2414,698,147,92,3600,0.1,3600,Credit Card,12/6/2023
635,564,719,104,1598,7200,0.05,2880,Bank Transfer,4/3/2024
636,2117,359,167,837,2060,0.1,2678,Cash,10/30/2024
637,2079,1977,92,1462,1040,0.05,364,Cash,10/20/2024
638,154,450,156,794,3860,0.05,3088,Credit Card,12/3/2024
639,196,42,232,1112,2520,0.1,8820,Credit Card,9/23/2024
640,1530,1747,45,1164,5750,0.1,18975,Bank Transfer,9/23/2024
641,71,108,149,332,8670,0.1,12138,Credit Card,4/25/2024
642,2140,910,81,209,4390,0.05,3951,Bank Transfer,10/20/2024
643,1014,1273,48,774,6870,0.05,4809,Cash,2/25/2024
644,1009,677,89,1624,9950,0.05,11940,Credit Card,4/6/2023
645,2704,98,144,1378,4010,0.1,10025,Cash,10/22/2021
646,1641,540,67,1120,3810,0.05,5143.5,Cash,9/30/2024
647,2553,1421,179,1144,2210,0.05,1436.5,Bank Transfer,6/16/2020
648,166,1444,84,1424,2360,0.05,3186,Credit Card,11/21/2024
649,183,690,36,1057,2830,0.1,2264,Credit Card,12/12/2024
650,2122,1556,4,433,7040,0.05,9152,Bank Transfer,8/28/2024
651,176,580,19,1568,4070,0.1,3256,Cash,12/30/2024
652,1042,293,233,891,3200,0.1,11520,Bank Transfer,12/14/2024
653,1785,1360,46,1452,2740,0.1,3836,Credit Card,11/19/2024
654,2069,1899,147,834,4220,0.1,11394,Bank Transfer,10/15/2024
655,983,467,39,1439,2820,0.05,4794,Cash,11/3/2024
656,1417,351,140,1106,1740,0.1,1566,Credit Card,5/9/2023
657,2951,1854,48,505,11850,0.1,36735,Cash,7/18/2023
658,2375,835,208,303,3530,0.05,5648,Cash,4/12/2023
659,906,1326,248,1077,7430,0.05,3343.5,Credit Card,1/24/2023
660,2603,1200,96,1386,2630,0.1,6049,Cash,11/1/2024
661,1690,1313,244,635,4540,0.1,9534,Bank Transfer,12/3/2024
662,2654,120,120,181,7520,0.05,13536,Credit Card,9/19/2024
663,214,1992,113,242,5680,0.05,9656,Bank Transfer,7/22/2024
664,1347,289,36,1706,3900,0.1,2730,Bank Transfer,12/6/2024
665,2931,1479,2,1626,3860,0.05,1158,Cash,8/19/2023
666,2025,410,12,614,2490,0.05,2988,Cash,10/9/2024
667,130,2040,159,1488,8880,0.1,31968,Bank Transfer,12/30/2024
668,626,1793,182,169,2120,0.1,2756,Bank Transfer,10/18/2024
669,2210,1955,108,1208,4150,0.1,6640,Credit Card,8/5/2024
670,544,1180,156,1413,7220,0.1,21660,Cash,9/12/2022
671,522,1564,182,1479,2120,0.1,6360,Bank Transfer,11/27/2024
672,306,933,62,105,5340,0.1,6942,Bank Transfer,10/23/2024
673,2798,257,48,373,2580,0.05,2709,Bank Transfer,6/12/2024
674,846,1268,85,816,7200,0.05,8640,Bank Transfer,10/7/2024
675,246,1611,121,69,3290,0.1,10199,Cash,12/23/2024
676,2233,1914,121,1626,2580,0.1,1806,Bank Transfer,1/2/2024
677,565,876,104,665,4660,0.1,12582,Credit Card,10/26/2023
678,2896,89,28,931,6780,0.1,8814,Credit Card,2/5/2022
679,22,1487,212,1353,7160,0.1,10024,Credit Card,7/30/2024
680,1017,192,2,787,2520,0.1,3528,Credit Card,2/4/2024
681,586,511,13,558,4570,0.1,5027,Bank Transfer,1/15/2023
682,1304,550,45,1356,7590,0.1,13662,Credit Card,11/3/2024
683,879,1431,182,1452,3740,0.05,6732,Cash,12/14/2024
684,2006,7,19,987,10240,0.1,13312,Cash,12/17/2024
685,2390,602,26,1495,1630,0.05,2608,Credit Card,4/21/2023
686,1233,995,53,189,1380,0.05,1587,Cash,12/2/2024
687,1045,955,217,49,6270,0.1,21945,Credit Card,7/13/2024
688,2751,497,104,1399,3180,0.05,1590,Credit Card,12/29/2024
689,305,1302,171,85,9260,0.05,6482,Cash,11/11/2024
690,1124,1067,203,219,2880,0.05,4752,Credit Card,4/25/2024
691,2761,88,248,182,1800,0.1,2700,Cash,9/29/2023
692,1200,305,160,1656,3900,0.1,8580,Credit Card,6/21/2024
693,398,781,128,1722,8060,0.1,24180,Cash,10/17/2024
694,2908,2039,2,968,940,0.05,1598,Bank Transfer,10/28/2024
695,2891,1807,84,797,9420,0.1,32028,Credit Card,12/26/2024
696,2938,1485,72,736,2720,0.05,2176,Cash,3/30/2024
697,1585,1596,181,722,3840,0.1,8064,Credit Card,10/25/2024
698,2693,1696,67,497,11030,0.05,4412,Bank Transfer,7/17/2023
699,2989,1270,85,92,13270,0.05,5971.5,Bank Transfer,10/31/2024
700,20,1285,232,25,1410,0.1,3243,Bank Transfer,12/9/2024
701,1560,89,3,723,10960,0.05,15344,Cash,5/13/2022
702,1472,1849,168,1633,3490,0.1,7329,Credit Card,12/6/2024
703,2314,657,212,768,2020,0.1,1414,Cash,11/30/2023
704,806,656,157,1180,4460,0.05,1784,Credit Card,7/29/2024
705,732,1413,181,786,2790,0.05,5022,Cash,6/9/2024
706,1945,442,4,1459,1630,0.05,2526.5,Credit Card,9/24/2024
707,2274,1516,2,1562,2470,0.1,6422,Bank Transfer,10/17/2023
708,2119,698,179,1233,1810,0.1,3258,Bank Transfer,11/11/2024
709,592,1669,180,380,3290,0.1,2632,Cash,9/27/2024
710,2342,455,197,7,4430,0.05,3544,Bank Transfer,10/30/2024
711,845,841,93,1736,3150,0.1,9450,Cash,11/27/2024
712,2152,1106,149,402,940,0.1,2350,Bank Transfer,7/24/2024
713,2560,1984,53,1309,2360,0.05,1298,Credit Card,2/20/2023
714,300,354,36,611,2830,0.1,9905,Cash,7/14/2024
715,1177,31,155,667,3480,0.05,1044,Cash,10/7/2023
716,2261,376,12,1150,2860,0.1,7150,Bank Transfer,9/10/2023
717,1837,1259,19,1718,4450,0.05,3337.5,Bank Transfer,12/2/2024
718,2885,1544,17,1644,1480,0.1,4440,Credit Card,12/19/2024
719,2858,886,92,1606,1790,0.05,984.5,Bank Transfer,7/28/2024
720,997,1140,189,1133,9720,0.05,15066,Credit Card,10/5/2023
721,1186,1132,57,1408,5470,0.05,8752,Bank Transfer,1/26/2023
722,2923,735,4,1603,8240,0.05,7004,Bank Transfer,7/7/2023
723,527,1146,36,351,8580,0.1,24882,Bank Transfer,11/27/2023
724,1894,977,120,39,4940,0.1,17290,Cash,9/4/2024
725,529,387,240,802,6800,0.05,11900,Credit Card,8/12/2024
726,2584,1029,28,1705,3410,0.05,3580.5,Credit Card,12/18/2021
727,490,1023,39,687,1390,0.05,1042.5,Credit Card,11/29/2022
728,171,1192,30,1077,3820,0.05,2292,Bank Transfer,9/1/2024
729,313,1402,147,45,5900,0.05,9440,Credit Card,6/2/2024
730,1933,135,124,982,7230,0.1,13737,Credit Card,2/25/2024
731,1478,775,19,973,2480,0.05,1364,Credit Card,7/13/2024
732,2298,361,179,201,1790,0.1,6086,Cash,8/16/2024
733,2136,703,60,890,1800,0.05,630,Credit Card,2/18/2023
734,2104,966,92,1645,2450,0.1,7350,Bank Transfer,12/29/2024
735,280,689,128,412,13190,0.05,23082.5,Credit Card,8/26/2022
736,2170,1817,212,1415,1720,0.1,5676,Bank Transfer,11/3/2024
737,911,78,185,600,2560,0.1,7424,Bank Transfer,8/1/2021
738,1865,101,30,582,6000,0.1,9000,Bank Transfer,8/23/2024
739,1134,1314,212,194,3150,0.1,5355,Bank Transfer,4/5/2023
740,2353,1837,244,839,7490,0.1,20223,Credit Card,10/18/2024
741,1130,1907,19,1193,4590,0.05,1606.5,Cash,9/12/2023
742,2666,7,89,385,5380,0.1,7532,Credit Card,5/8/2022
743,784,116,194,466,5400,0.05,9180,Cash,7/12/2024
744,874,585,82,1172,3250,0.05,4712.5,Credit Card,6/7/2023
745,2,369,113,657,3230,0.1,10336,Cash,12/30/2024
746,815,1144,4,438,4980,0.1,12948,Credit Card,12/17/2024
747,2842,241,179,661,13080,0.1,15696,Credit Card,11/27/2024
748,1078,372,72,1417,3780,0.05,5670,Bank Transfer,12/11/2024
749,2562,477,35,46,2360,0.1,8024,Credit Card,11/15/2024
750,2155,1910,90,700,3380,0.05,5239,Cash,8/7/2024
751,2574,1727,155,382,3800,0.05,3040,Credit Card,8/30/2023
752,2930,1159,182,907,3450,0.1,6210,Cash,6/22/2022
753,1726,355,113,1690,4530,0.1,14496,Bank Transfer,2/14/2024
754,390,1941,191,900,1210,0.1,4235,Credit Card,9/29/2024
755,1019,1549,35,780,1990,0.1,3980,Cash,6/16/2024
756,260,1179,16,323,3670,0.05,1284.5,Cash,12/25/2024
757,1775,1714,53,200,2770,0.1,4709,Cash,7/13/2023
758,1183,1061,215,519,2150,0.1,6880,Bank Transfer,12/30/2023
759,1563,1448,120,1435,4200,0.05,2100,Bank Transfer,11/4/2024
760,190,1100,19,876,2390,0.1,7887,Credit Card,8/29/2023
761,2916,389,206,76,4630,0.05,3472.5,Cash,12/20/2021
762,405,1176,232,1010,6650,0.1,17290,Credit Card,9/19/2023
763,2272,1349,35,445,8040,0.05,4422,Cash,10/23/2024
764,925,1436,167,844,6170,0.05,1851,Cash,12/13/2024
765,575,851,226,771,3470,0.05,2429,Credit Card,9/4/2023
766,149,1475,73,1422,3180,0.1,7314,Credit Card,12/3/2024
767,272,1908,89,46,10540,0.05,5797,Credit Card,12/18/2024
768,668,1964,217,540,1090,0.1,2289,Cash,12/8/2024
769,1860,1668,101,131,3500,0.1,9450,Cash,10/14/2022
770,723,338,100,329,4450,0.05,4227.5,Cash,5/26/2024
771,2942,1410,102,1742,1890,0.05,1795.5,Credit Card,12/30/2024
772,2191,1117,103,1077,2400,0.1,3360,Cash,10/10/2024
773,1120,106,212,295,2390,0.05,3585,Cash,11/26/2024
774,2919,1184,182,1128,7260,0.05,9075,Cash,6/28/2024
775,833,1898,240,1749,3410,0.05,1705,Cash,10/31/2024
776,1113,762,182,423,4830,0.05,6279,Bank Transfer,10/1/2023
777,2782,1249,87,1627,9770,0.05,4396.5,Cash,7/22/2022
778,756,1545,48,639,4280,0.05,5992,Credit Card,11/3/2023
779,939,1996,48,1165,3950,0.1,9875,Bank Transfer,8/28/2024
780,373,436,39,845,1760,0.1,2992,Credit Card,1/14/2024
781,63,591,185,189,7590,0.05,8349,Credit Card,11/19/2024
782,1165,1997,197,1236,4110,0.05,7398,Cash,12/30/2024
783,435,72,213,285,720,0.1,1368,Credit Card,5/9/2024
784,1761,417,22,1432,8620,0.1,6896,Credit Card,5/26/2024
785,2162,1147,167,235,1500,0.05,1950,Credit Card,11/15/2023
786,387,1401,60,1576,4500,0.05,2025,Cash,9/26/2024
787,1956,1438,167,71,2990,0.05,4036.5,Bank Transfer,12/14/2024
788,1444,1374,197,265,3600,0.05,1980,Cash,11/30/2024
789,392,1393,212,1567,4280,0.1,15408,Cash,9/11/2024
790,1167,1960,100,199,3400,0.05,2040,Cash,3/15/2024
791,2418,1862,159,1716,2400,0.1,7920,Credit Card,5/5/2024
792,1936,844,152,1681,1920,0.05,960,Bank Transfer,5/8/2024
793,1104,766,176,377,10060,0.05,7545,Credit Card,1/14/2024
794,161,533,214,137,2260,0.05,2938,Bank Transfer,11/30/2024
795,2495,296,159,594,13290,0.05,19935,Cash,1/1/2022
796,1293,698,28,2,2260,0.1,6102,Credit Card,9/1/2024
797,2151,871,5,1093,13320,0.1,19980,Credit Card,3/30/2024
798,1453,1388,17,1160,1200,0.05,1080,Cash,12/10/2024
799,536,959,53,1385,4590,0.05,4131,Cash,9/9/2024
800,1609,574,60,311,7420,0.05,5565,Credit Card,1/22/2023
801,493,1478,197,1730,1850,0.05,1572.5,Cash,12/28/2024
802,361,79,226,1442,3140,0.1,9734,Cash,11/17/2023
803,276,1958,212,1508,2220,0.05,3552,Credit Card,11/16/2023
804,2154,473,123,1309,1350,0.05,1687.5,Bank Transfer,11/6/2024
805,2044,1162,108,249,19780,0.1,39560,Bank Transfer,9/7/2022
806,2445,1558,85,695,9280,0.05,7424,Cash,6/16/2024
807,414,528,93,869,3270,0.05,5886,Cash,12/10/2024
808,91,1539,179,1727,8880,0.1,26640,Cash,9/20/2023
809,1523,755,44,324,2490,0.1,7719,Cash,10/16/2024
810,229,1574,71,639,10300,0.05,15450,Cash,8/18/2024
811,83,1122,4,355,3190,0.1,6380,Credit Card,6/26/2023
812,1247,1558,90,726,12000,0.1,31200,Credit Card,9/16/2024
813,2454,2014,13,694,2180,0.05,1308,Bank Transfer,4/15/2024
814,2530,788,215,1105,11250,0.05,10125,Cash,10/4/2024
815,2890,1568,26,111,3860,0.1,6948,Cash,2/21/2024
816,1092,394,12,396,1180,0.1,1180,Credit Card,11/9/2024
817,1058,685,188,1712,4450,0.05,3782.5,Cash,8/12/2024
818,55,974,179,1440,2240,0.05,4032,Bank Transfer,12/12/2024
819,2651,1584,140,976,9690,0.1,26163,Credit Card,11/11/2024
820,1882,1271,156,1059,4040,0.1,8484,Bank Transfer,12/1/2024
821,2453,2041,206,1587,3620,0.05,5792,Bank Transfer,12/5/2024
822,2528,1802,30,546,3820,0.1,7640,Bank Transfer,1/30/2024
823,837,2060,92,1432,1050,0.05,1050,Cash,12/28/2023
824,1131,1324,167,965,4290,0.1,9009,Cash,12/25/2024
825,2630,466,191,483,3560,0.05,4272,Cash,7/31/2023
826,866,1129,197,920,5440,0.1,18496,Credit Card,7/25/2024
827,1611,1464,35,1632,3910,0.1,3519,Bank Transfer,11/27/2024
828,1573,1429,159,35,1780,0.05,534,Credit Card,12/13/2024
829,2652,2055,102,1329,4810,0.05,3607.5,Credit Card,11/22/2022
830,1030,973,233,540,2810,0.05,4496,Cash,8/13/2024
831,604,1515,113,1302,2770,0.1,3047,Cash,12/10/2024
832,2118,1799,162,165,2270,0.05,3859,Credit Card,6/25/2024
833,533,657,184,170,5840,0.1,12264,Credit Card,10/24/2024
834,1008,1614,132,359,4980,0.05,4233,Credit Card,7/14/2024
835,890,1667,232,686,2190,0.1,6789,Cash,11/2/2024
836,2075,480,96,1117,1030,0.1,2060,Credit Card,10/5/2024
837,396,1831,55,17,1970,0.1,2561,Cash,12/28/2024
838,43,118,168,1310,5990,0.05,5990,Cash,8/28/2024
839,2623,1505,35,1323,4160,0.05,1872,Credit Card,6/26/2023
840,1946,1276,212,419,3970,0.1,3970,Bank Transfer,12/29/2024
841,770,707,93,1129,1200,0.1,720,Credit Card,12/13/2024
842,1900,572,176,596,8280,0.05,10764,Cash,10/31/2024
843,1307,1858,203,1431,3700,0.05,6660,Cash,11/29/2022
844,129,1745,52,773,8590,0.05,12885,Cash,10/28/2024
845,612,1474,12,139,980,0.1,2450,Cash,7/2/2023
846,2406,987,103,276,1840,0.1,2208,Credit Card,10/11/2024
847,2815,1542,93,218,4500,0.1,8100,Cash,12/5/2024
848,623,210,16,1588,1310,0.1,1965,Bank Transfer,6/2/2024
849,2312,1737,188,49,920,0.1,1748,Cash,12/18/2024
850,1526,1094,3,1696,12480,0.05,17472,Bank Transfer,10/1/2024
851,841,784,22,936,1280,0.1,4608,Credit Card,8/14/2023
852,2749,485,182,1524,2350,0.1,3995,Cash,11/21/2024
853,80,1892,120,717,1980,0.1,2574,Credit Card,12/10/2024
854,1612,132,89,824,3310,0.05,4965,Cash,12/28/2024
855,2647,6,89,735,6800,0.1,12920,Credit Card,11/22/2024
856,1464,908,97,1142,2590,0.1,3367,Cash,10/25/2024
857,1987,1173,52,1680,8000,0.1,14400,Credit Card,11/16/2024
858,2148,1454,214,150,1680,0.1,5376,Credit Card,9/24/2024
859,1215,1875,203,1350,3660,0.05,4941,Credit Card,8/10/2024
860,2944,1360,176,1268,3290,0.1,8883,Bank Transfer,11/22/2024
861,1512,1529,155,1146,4630,0.1,9723,Bank Transfer,11/19/2024
862,1619,1314,219,104,1090,0.1,3706,Credit Card,7/22/2024
863,429,862,120,464,4220,0.1,12660,Cash,12/6/2024
864,1039,1099,240,982,8810,0.1,22025,Cash,9/23/2024
865,885,696,219,381,2120,0.1,6572,Cash,12/30/2024
866,1485,529,206,727,4450,0.05,7787.5,Bank Transfer,8/26/2024
867,1670,861,26,1225,4270,0.05,7045.5,Credit Card,10/12/2024
868,2962,506,52,1545,3340,0.1,5344,Bank Transfer,6/20/2022
869,1603,728,102,715,950,0.05,1330,Credit Card,12/25/2023
870,935,881,180,1086,3760,0.05,1504,Bank Transfer,11/24/2024
871,856,1088,160,990,5870,0.05,9979,Bank Transfer,10/25/2024
872,922,229,44,1214,1200,0.1,2280,Credit Card,11/22/2024
873,162,1363,233,190,2050,0.05,3485,Bank Transfer,7/2/2022
874,2805,777,128,1499,4430,0.1,14176,Credit Card,7/21/2024
875,2925,968,32,755,5210,0.1,6252,Bank Transfer,11/2/2024
876,1121,1588,248,893,4020,0.05,2613,Credit Card,9/10/2024
877,1810,882,168,1571,7010,0.05,8762.5,Credit Card,12/5/2024
878,2228,611,162,429,2420,0.05,3146,Credit Card,12/16/2024
879,1363,2007,181,527,7140,0.05,11067,Bank Transfer,7/11/2024
880,236,1104,52,1479,8480,0.05,12720,Cash,8/8/2023
881,928,438,215,613,4150,0.1,9545,Bank Transfer,10/30/2024
882,1331,1792,102,542,8690,0.1,26070,Bank Transfer,8/30/2023
883,1334,937,14,933,4670,0.1,7472,Cash,10/4/2023
884,2915,1789,176,951,3270,0.1,2616,Bank Transfer,11/18/2023
885,189,147,85,1085,8020,0.1,27268,Cash,8/31/2024
886,1862,190,160,1656,2300,0.05,1035,Credit Card,11/9/2024
887,2271,417,197,1668,4430,0.1,3987,Credit Card,12/5/2024
888,2879,1482,147,701,5540,0.1,16620,Credit Card,5/28/2024
889,1657,714,226,227,7840,0.1,19600,Credit Card,6/27/2023
890,1119,1140,157,326,4610,0.05,5762.5,Cash,11/13/2024
891,2386,887,217,974,3910,0.1,13294,Credit Card,5/19/2024
892,2365,399,96,810,5520,0.1,12144,Cash,10/31/2024
893,2802,364,45,595,4050,0.05,3847.5,Bank Transfer,11/9/2024
894,31,1171,155,629,1650,0.1,5775,Bank Transfer,11/11/2023
895,891,1461,248,1281,7430,0.05,9659,Bank Transfer,11/10/2024
896,2109,1669,157,1490,2790,0.1,7533,Credit Card,11/29/2024
897,1231,716,32,872,3710,0.05,4266.5,Credit Card,10/7/2022
898,92,899,244,904,14050,0.1,39340,Bank Transfer,12/5/2024
899,1852,1194,97,1749,4510,0.05,3608,Cash,10/15/2024
900,378,1197,226,530,6220,0.05,5598,Cash,1/10/2023
901,927,1535,63,637,1810,0.1,3439,Credit Card,12/28/2024
902,1263,998,208,1414,8700,0.1,21750,Bank Transfer,11/29/2023
903,1842,1674,73,1739,3010,0.1,9030,Bank Transfer,7/23/2024
904,607,1545,188,976,5980,0.1,11960,Bank Transfer,1/19/2023
905,2725,591,184,1311,2840,0.05,2272,Credit Card,11/30/2024
906,953,129,121,905,1570,0.05,2041,Bank Transfer,8/4/2023
907,1518,1972,82,820,8540,0.05,12810,Cash,12/3/2024
908,1209,854,39,271,1260,0.1,2268,Cash,12/6/2024
909,2807,1998,12,140,5100,0.05,8160,Cash,12/28/2024
910,1484,1916,123,1558,9600,0.1,12480,Credit Card,12/7/2024
911,1516,1618,132,862,3270,0.1,4251,Credit Card,6/16/2023
912,2160,673,248,1339,3220,0.05,5796,Cash,2/29/2024
913,2636,1199,147,66,9440,0.05,3776,Bank Transfer,8/30/2024
914,1870,383,101,1048,2560,0.1,6656,Cash,6/12/2024
915,2945,1174,160,446,4710,0.1,10362,Cash,4/5/2023
916,358,13,87,1668,2780,0.1,7228,Cash,11/13/2024
917,1948,136,182,1096,3000,0.1,8100,Cash,6/16/2024
918,2367,1932,13,83,2560,0.05,2304,Credit Card,7/8/2024
919,591,850,233,1248,6630,0.1,22542,Cash,12/15/2024
920,2319,1213,149,913,3240,0.1,2592,Cash,11/8/2024
921,746,322,212,1095,2190,0.05,3723,Bank Transfer,11/6/2024
922,2817,1304,121,553,7990,0.05,10786.5,Cash,7/9/2024
923,35,1803,162,1021,6270,0.1,18183,Credit Card,10/13/2024
924,1162,1075,120,91,1050,0.05,630,Bank Transfer,12/27/2024
925,719,242,185,1381,3690,0.1,6273,Cash,12/1/2024
926,1685,751,73,90,2480,0.1,3224,Bank Transfer,7/23/2024
927,1344,1918,97,1181,6250,0.1,21875,Bank Transfer,11/30/2024
928,2631,1502,194,1681,2620,0.1,3668,Cash,2/11/2022
929,2192,427,82,874,1580,0.1,3950,Credit Card,1/16/2024
930,2064,714,3,647,3950,0.05,2765,Credit Card,10/5/2024
931,1967,1173,191,1166,2880,0.1,6624,Cash,2/1/2023
932,520,1226,152,1415,2130,0.05,2023.5,Credit Card,4/7/2024
933,402,1750,3,1055,3230,0.05,3068.5,Bank Transfer,5/28/2023
934,2150,1961,232,371,3790,0.1,3411,Credit Card,2/18/2024
935,203,1462,203,735,4040,0.05,5858,Credit Card,6/30/2024
936,1846,1045,219,376,1730,0.1,3460,Bank Transfer,12/19/2024
937,1663,1963,93,1449,3880,0.05,1940,Cash,5/11/2024
938,1171,898,60,8,1770,0.05,2301,Bank Transfer,12/25/2024
939,1673,761,63,404,3030,0.1,3030,Bank Transfer,10/12/2024
940,53,64,144,1723,3200,0.1,10240,Credit Card,11/19/2024
941,802,171,100,1539,5850,0.1,21060,Cash,3/11/2024
942,1610,804,95,1348,4220,0.1,10972,Credit Card,7/30/2022
943,2476,985,104,68,2000,0.1,3400,Cash,12/11/2024
944,2768,1194,197,314,810,0.1,1863,Bank Transfer,8/7/2024
945,1351,932,73,723,2690,0.1,7532,Bank Transfer,9/16/2024
946,2600,77,159,205,1140,0.05,1311,Cash,4/9/2023
947,767,767,39,381,8920,0.05,8028,Cash,11/27/2024
948,967,243,45,14,2210,0.1,2873,Cash,1/10/2024
949,2847,1060,78,508,2440,0.05,3904,Credit Card,4/19/2024
950,503,884,17,325,11710,0.05,15808.5,Credit Card,5/11/2024
951,1985,224,71,146,1290,0.1,3999,Bank Transfer,3/11/2024
952,460,71,73,1106,980,0.05,1323,Bank Transfer,10/10/2023
953,2397,290,159,240,1180,0.1,2950,Credit Card,12/25/2024
954,2625,945,73,1526,3690,0.05,4612.5,Bank Transfer,11/9/2024
955,195,526,35,217,9110,0.1,12754,Bank Transfer,11/22/2024
956,2517,1188,5,809,9830,0.05,17694,Credit Card,6/20/2024
957,146,1566,197,465,4270,0.1,6405,Credit Card,11/22/2024
958,2972,1408,176,31,1200,0.1,3120,Bank Transfer,6/16/2023
959,632,1257,144,573,1240,0.05,1984,Bank Transfer,5/4/2024
960,1528,1903,189,352,7090,0.05,10280.5,Bank Transfer,9/23/2023
961,184,1780,248,1715,1280,0.1,3328,Cash,12/10/2024
962,976,383,140,969,8150,0.05,4482.5,Credit Card,11/29/2024
963,2206,1790,78,355,6040,0.1,14496,Cash,5/15/2024
964,333,1928,28,1180,1560,0.1,4992,Cash,6/29/2024
965,163,569,87,127,7290,0.1,20412,Cash,12/22/2024
966,2114,126,226,682,4550,0.05,4095,Credit Card,10/13/2021
967,2595,563,182,1569,3990,0.05,6982.5,Credit Card,5/14/2024
968,2998,907,62,785,4700,0.1,4700,Bank Transfer,12/27/2023
969,1739,1200,184,1030,5810,0.05,8134,Credit Card,5/18/2021
970,1273,791,22,713,8390,0.05,13424,Bank Transfer,5/23/2024
971,1010,213,67,1568,1860,0.05,837,Bank Transfer,12/26/2023
972,1541,1604,171,1032,4910,0.05,5155.5,Credit Card,12/17/2024
973,417,1869,159,323,1800,0.1,2700,Credit Card,11/16/2024
974,611,454,120,917,8120,0.1,10556,Cash,2/26/2024
975,2512,1695,244,1023,2250,0.1,2700,Credit Card,9/5/2024
976,1925,1863,147,1261,2150,0.05,1397.5,Bank Transfer,11/15/2024
977,540,299,152,268,1180,0.1,4130,Credit Card,6/27/2024
978,1099,251,213,1242,7740,0.05,4257,Bank Transfer,11/19/2024
979,2910,609,197,378,5660,0.05,6792,Cash,9/23/2022
980,1235,552,205,1729,1340,0.1,3082,Cash,3/13/2022
981,243,1049,140,1590,4080,0.05,2244,Credit Card,10/25/2024
982,1398,1674,5,760,8400,0.05,15120,Cash,11/28/2023
983,2685,349,30,1684,1270,0.05,1651,Cash,12/6/2024
984,1759,1947,39,1119,1070,0.1,3210,Cash,12/21/2024
985,1652,462,171,1503,14700,0.05,18375,Cash,8/16/2021
986,1151,1980,3,523,9860,0.1,18734,Cash,8/24/2024
987,1393,956,82,922,12360,0.05,21630,Bank Transfer,3/29/2024
988,2179,1752,52,283,2970,0.1,3861,Credit Card,9/30/2024
989,2532,684,140,1104,3150,0.05,2362.5,Bank Transfer,11/4/2023
990,1970,391,108,1421,3100,0.1,7750,Bank Transfer,9/19/2023
991,2710,1457,5,807,5670,0.05,5953.5,Bank Transfer,12/28/2024
992,264,283,84,39,10310,0.05,15465,Credit Card,12/20/2024
993,1740,314,121,1218,2050,0.05,1742.5,Cash,11/18/2024
994,1826,1495,82,450,2020,0.1,5858,Bank Transfer,12/24/2024
995,240,1402,93,212,1530,0.1,2601,Bank Transfer,8/19/2024
996,1072,1525,189,818,9360,0.1,26208,Credit Card,6/28/2024
997,1632,1063,121,897,5520,0.1,11592,Bank Transfer,1/6/2024
998,2522,582,176,1466,6130,0.1,15325,Bank Transfer,4/19/2024
999,2096,1496,157,978,1850,0.05,2405,Credit Card,10/29/2024
1000,123,65,128,1197,1010,0.05,1262.5,Bank Transfer,9/26/2024
1001,1333,474,113,1637,3350,0.1,10050,Bank Transfer,9/4/2024
1002,1725,1851,100,1423,3030,0.05,1666.5,Credit Card,1/20/2024
1003,1829,1600,244,704,6240,0.1,10608,Cash,12/11/2024
1004,247,582,63,329,7790,0.1,21033,Cash,12/18/2024
1005,1452,1136,176,895,1370,0.05,2329,Bank Transfer,8/14/2022
1006,2393,527,157,1534,1200,0.05,1740,Cash,10/10/2024
1007,1474,1626,191,1114,8110,0.1,4866,Credit Card,6/27/2024
1008,218,989,16,1463,8640,0.1,11232,Credit Card,4/19/2024
1009,1395,755,206,1749,8380,0.1,30168,Cash,12/21/2024
1010,842,1574,90,647,1860,0.05,3255,Bank Transfer,11/27/2024
1011,608,1550,213,1323,3870,0.05,5611.5,Cash,9/26/2024
1012,1451,1730,48,492,18720,0.1,11232,Cash,12/29/2024
1013,1794,1164,85,364,6510,0.05,6510,Cash,6/13/2023
1014,2056,1236,19,128,2200,0.05,1320,Bank Transfer,2/20/2023
1015,1801,497,13,264,1360,0.1,4080,Bank Transfer,11/13/2024
1016,1898,1248,194,739,4970,0.05,3727.5,Credit Card,12/30/2023
1017,104,578,128,555,2560,0.05,1152,Bank Transfer,10/21/2024
1018,786,1057,213,1275,5600,0.05,9800,Bank Transfer,10/12/2023
1019,2576,552,63,1137,11240,0.1,6744,Cash,4/2/2023
1020,2164,1707,203,3,8960,0.1,23296,Bank Transfer,8/15/2024
1021,1912,58,89,1291,4110,0.05,6987,Credit Card,10/24/2024
1022,1695,233,26,733,13300,0.05,19285,Bank Transfer,12/21/2024
1023,437,221,205,917,3980,0.05,6368,Bank Transfer,11/21/2024
1024,210,1108,215,17,860,0.1,2494,Bank Transfer,10/4/2024
1025,13,1170,93,408,7430,0.1,9659,Cash,10/15/2024
1026,2190,1751,5,1523,3290,0.1,2961,Cash,2/2/2024
1027,602,753,184,89,6870,0.05,7557,Bank Transfer,12/19/2024
1028,2355,1091,244,1293,8070,0.1,16947,Credit Card,12/31/2022
1029,2727,1285,194,836,14480,0.1,24616,Bank Transfer,3/14/2023
1030,1007,145,132,1660,7190,0.1,15818,Credit Card,12/29/2024
1031,2187,1964,233,980,4060,0.05,7308,Cash,10/9/2024
1032,1847,1493,113,1477,2410,0.05,3615,Cash,9/13/2024
1033,2659,593,104,98,10840,0.05,4878,Credit Card,2/8/2023
1034,680,1527,12,1144,2770,0.1,9418,Bank Transfer,12/30/2024
1035,2341,1703,232,454,3870,0.1,6966,Credit Card,9/7/2024
1036,699,963,89,1582,4950,0.1,12870,Bank Transfer,7/7/2024
1037,314,475,62,85,2530,0.05,2656.5,Bank Transfer,12/17/2024
1038,1261,153,22,1018,9130,0.1,24651,Credit Card,1/13/2024
1039,109,972,104,818,12970,0.1,23346,Credit Card,3/28/2023
1040,2336,692,73,1471,11370,0.05,9664.5,Credit Card,7/10/2024
1041,1591,1372,82,13,11610,0.05,19737,Credit Card,10/29/2024
1042,1841,1493,214,1466,2500,0.05,3625,Cash,11/5/2024
1043,1069,993,197,594,6000,0.05,6900,Cash,9/15/2024
1044,2131,15,95,1305,2140,0.1,7704,Cash,9/23/2024
1045,1445,974,53,825,1890,0.1,3780,Bank Transfer,2/26/2023
1046,897,1273,102,1408,2190,0.05,2190,Credit Card,9/18/2023
1047,1150,36,101,632,2130,0.1,5964,Credit Card,11/14/2024
1048,715,37,203,1337,6330,0.1,22155,Bank Transfer,4/6/2024
1049,45,463,213,27,19240,0.05,20202,Credit Card,1/31/2024
1050,1503,125,132,988,1100,0.1,2420,Bank Transfer,11/11/2024
1051,77,1134,113,1082,8070,0.1,8877,Cash,12/21/2024
1052,1962,1708,57,55,1600,0.1,4640,Credit Card,11/20/2024
1053,1818,396,96,744,4480,0.1,4032,Cash,11/26/2024
1054,2670,1282,62,21,11240,0.1,6744,Credit Card,4/26/2023
1055,910,1718,101,912,1570,0.05,1884,Bank Transfer,8/21/2024
1056,2003,436,180,1109,4430,0.05,7309.5,Bank Transfer,9/26/2024
1057,1198,479,144,987,4330,0.05,3680.5,Cash,11/21/2024
1058,1664,116,213,1220,5550,0.05,4440,Credit Card,8/15/2024
1059,554,1219,144,1187,3570,0.05,2677.5,Cash,11/20/2024
1060,1722,1954,73,1545,5110,0.05,2555,Credit Card,1/3/2024
1061,1101,1026,184,1392,1790,0.05,1521.5,Bank Transfer,4/18/2022
1062,337,1596,248,947,3370,0.1,7751,Bank Transfer,9/11/2024
1063,2112,869,149,674,1510,0.05,1510,Bank Transfer,7/28/2024
1064,1872,430,62,1036,4840,0.1,15972,Bank Transfer,2/18/2023
1065,1375,1679,102,1718,2900,0.05,2900,Cash,7/25/2024
1066,1504,1836,144,363,2660,0.1,6916,Bank Transfer,8/22/2023
1067,1248,1137,219,932,2880,0.05,2736,Credit Card,1/3/2024
1068,2868,2029,50,22,1890,0.05,1984.5,Bank Transfer,2/4/2024
1069,39,1954,3,1732,1440,0.1,3024,Cash,12/9/2024
1070,265,1444,123,442,2630,0.1,7101,Credit Card,3/28/2024
1071,2034,551,144,51,3500,0.05,3675,Cash,12/13/2024
1072,2145,112,32,919,6510,0.1,11718,Cash,10/7/2024
1073,2956,308,82,1071,4530,0.1,13590,Bank Transfer,9/14/2024
1074,422,205,120,1453,650,0.05,1170,Bank Transfer,7/13/2024
1075,2167,1226,217,243,2720,0.05,3536,Cash,11/11/2024
1076,2940,126,213,486,7660,0.1,6894,Credit Card,11/6/2024
1077,1343,111,157,547,1590,0.05,715.5,Credit Card,6/4/2024
1078,403,347,26,1334,2450,0.05,1837.5,Cash,12/23/2024
1079,669,1370,12,8,10880,0.1,9792,Credit Card,6/23/2024
1080,1116,950,60,1754,2550,0.05,765,Bank Transfer,8/9/2023
1081,2578,1929,121,983,9510,0.1,19020,Cash,11/3/2024
1082,2502,802,182,1195,1230,0.05,1414.5,Cash,12/27/2024
1083,2982,572,36,359,9040,0.05,11752,Bank Transfer,11/18/2024
1084,1166,2052,89,47,2770,0.05,2631.5,Bank Transfer,11/5/2024
1085,2345,1150,240,1367,4500,0.1,15750,Bank Transfer,12/26/2024
1086,1081,781,14,85,3510,0.1,4563,Credit Card,6/16/2022
1087,349,1728,215,612,9580,0.1,33530,Cash,7/14/2024
1088,37,1795,30,912,2150,0.1,7095,Credit Card,7/19/2024
1089,2352,121,12,806,940,0.1,2350,Bank Transfer,11/11/2024
1090,1214,867,71,1585,1600,0.1,3680,Credit Card,12/20/2024
1091,1458,1156,124,1364,8830,0.1,15894,Bank Transfer,4/9/2024
1092,2443,105,78,846,9450,0.05,12285,Cash,6/8/2024
1093,2224,1264,78,1247,7840,0.1,25872,Cash,11/14/2024
1094,2503,1332,156,784,1250,0.1,750,Cash,12/26/2023
1095,2110,1469,144,229,4720,0.05,3776,Cash,9/12/2024
1096,2840,416,226,945,2030,0.1,6902,Credit Card,6/4/2024
1097,630,1060,123,227,7900,0.05,13430,Credit Card,3/29/2022
1098,1752,403,72,1740,4730,0.1,8987,Bank Transfer,1/14/2024
1099,525,1184,194,358,1070,0.1,3638,Cash,5/15/2024
1100,60,871,189,827,2730,0.1,7644,Bank Transfer,8/3/2024
1101,985,518,55,1719,3970,0.1,8734,Cash,12/17/2024
1102,2926,1273,28,1712,3680,0.1,9200,Bank Transfer,6/23/2023
1103,530,1970,240,1551,3110,0.05,2021.5,Credit Card,4/25/2024
1104,82,809,16,1462,2490,0.1,3984,Bank Transfer,10/9/2024
1105,1649,542,185,426,5020,0.05,6526,Bank Transfer,3/16/2024
1106,2280,530,60,874,8120,0.1,13804,Credit Card,12/26/2021
1107,1064,441,159,857,10660,0.1,38376,Cash,7/6/2024
1108,2558,1120,182,1195,4980,0.1,3984,Cash,4/29/2024
1109,2960,991,52,645,5320,0.1,4788,Bank Transfer,5/9/2023
1110,1510,1817,182,350,1260,0.05,1386,Credit Card,12/18/2022
1111,2746,326,168,702,2630,0.05,4208,Bank Transfer,12/24/2024
1112,1407,348,2,1739,5500,0.05,3575,Bank Transfer,2/8/2022
1113,2582,1031,213,1618,3790,0.1,10991,Bank Transfer,10/8/2024
1114,2489,1861,226,1545,1290,0.1,1548,Cash,4/22/2023
1115,2719,98,26,635,5440,0.1,10336,Bank Transfer,12/6/2022
1116,1756,1097,32,1303,3090,0.05,4326,Credit Card,12/19/2024
1117,359,1322,203,889,3700,0.05,3145,Cash,9/30/2024
1118,2107,1181,60,1205,9340,0.1,16812,Bank Transfer,6/20/2024
1119,1800,284,121,723,950,0.05,950,Credit Card,10/17/2024
1120,2783,1402,226,1521,6230,0.05,4984,Credit Card,11/14/2024
1121,1914,1645,194,1746,3760,0.1,2632,Bank Transfer,6/21/2023
1122,1990,1697,48,894,5580,0.05,5859,Credit Card,9/24/2023
1123,332,188,140,237,5640,0.1,12408,Cash,1/9/2023
1124,2735,606,16,1274,6530,0.05,3265,Bank Transfer,10/24/2024
1125,1147,1685,95,398,1170,0.05,1872,Bank Transfer,6/11/2023
1126,2511,1672,194,1020,2180,0.05,2180,Cash,8/9/2022
1127,213,452,62,1143,5740,0.1,8036,Cash,7/29/2024
1128,1291,1050,104,1,1220,0.05,854,Credit Card,12/18/2023
1129,2643,574,3,1318,4130,0.05,7227.5,Bank Transfer,8/11/2024
1130,116,1952,206,1217,1580,0.1,4582,Bank Transfer,9/9/2024
1131,321,1500,124,1500,5680,0.05,8236,Credit Card,1/31/2024
1132,905,386,128,290,1430,0.1,2860,Credit Card,6/24/2023
1133,476,1976,212,1642,1920,0.1,1536,Bank Transfer,8/9/2024
1134,2845,1151,87,471,1330,0.1,4123,Credit Card,6/23/2023
1135,2470,1850,194,973,7600,0.05,2280,Bank Transfer,10/11/2024
1136,21,1931,113,738,5870,0.05,1761,Credit Card,12/11/2024
1137,2211,2060,140,379,1570,0.1,2198,Bank Transfer,3/18/2024
1138,2330,992,155,1047,2190,0.1,3723,Credit Card,1/5/2024
1139,1023,99,45,945,10070,0.05,17119,Bank Transfer,12/10/2024
1140,581,1110,3,1669,4910,0.05,4664.5,Bank Transfer,8/24/2024
1141,1949,1488,188,332,3530,0.1,2118,Cash,3/27/2022
1142,2618,282,17,1091,1320,0.1,4620,Cash,12/28/2023
1143,1919,814,81,99,7620,0.1,6858,Bank Transfer,12/21/2024
1144,2838,915,89,1609,1090,0.05,436,Bank Transfer,8/17/2024
1145,1371,267,87,159,2260,0.1,6780,Credit Card,10/6/2024
1146,777,851,232,823,5860,0.05,8204,Cash,12/10/2021
1147,2570,1183,100,1204,8730,0.1,20079,Cash,12/27/2024
1148,600,1271,5,202,4840,0.05,7260,Credit Card,4/26/2024
1149,317,1183,4,1056,7910,0.05,6723.5,Credit Card,8/25/2024
1150,1071,1425,113,1652,2920,0.1,7884,Credit Card,4/2/2024
1151,1408,379,123,1317,1050,0.1,1050,Cash,8/17/2024
1152,2976,1644,185,1494,2440,0.1,3660,Bank Transfer,11/17/2024
1153,2824,1304,159,816,7600,0.1,10640,Cash,12/23/2024
1154,1221,242,181,1271,2840,0.05,2840,Credit Card,12/30/2024
1155,2035,793,156,437,8310,0.05,5817,Bank Transfer,3/20/2024
1156,1100,683,17,610,6410,0.1,22435,Credit Card,12/13/2023
1157,2696,1500,162,440,5570,0.05,5848.5,Credit Card,6/19/2024
1158,307,911,53,618,920,0.05,1564,Bank Transfer,6/9/2023
1159,902,1051,203,878,2280,0.05,1254,Credit Card,12/15/2024
1160,2105,1751,45,1302,1560,0.05,2028,Credit Card,11/14/2024
1161,2813,798,157,1379,2300,0.05,3450,Bank Transfer,9/26/2024
1162,1460,5,180,48,4900,0.1,14700,Bank Transfer,5/27/2024
1163,1050,1061,50,530,7260,0.1,8712,Cash,11/25/2024
1164,415,379,85,366,2420,0.1,1936,Cash,5/7/2023
1165,2529,2011,123,993,7450,0.1,14155,Credit Card,10/11/2024
1166,1345,411,100,1092,6070,0.05,10015.5,Cash,11/22/2024
1167,304,2034,84,822,5080,0.05,4572,Bank Transfer,2/9/2022
1168,1653,1215,2,801,1760,0.05,1056,Cash,8/17/2023
1169,2146,1892,123,1259,1380,0.1,2346,Cash,9/5/2024
1170,439,1178,12,1086,1870,0.1,2805,Cash,11/18/2023
1171,1923,1500,26,1285,10710,0.1,8568,Bank Transfer,12/28/2024
1172,624,1856,92,959,5270,0.05,7378,Cash,6/4/2024
1173,654,1282,182,634,2620,0.05,2620,Cash,10/28/2024
1174,2720,26,176,1686,2590,0.05,2849,Cash,1/11/2023
1175,898,599,36,208,9080,0.1,15436,Credit Card,9/28/2024
1176,255,1896,182,1150,6480,0.05,11016,Credit Card,8/21/2023
1177,457,1437,53,977,4170,0.05,2502,Bank Transfer,7/16/2024
1178,1843,1829,167,1185,3660,0.05,1647,Bank Transfer,12/16/2024
1179,556,749,36,1169,1900,0.05,1330,Cash,9/17/2022
1180,2856,1404,30,1148,8230,0.05,3292,Bank Transfer,5/31/2023
1181,2819,286,60,269,3190,0.05,2073.5,Cash,9/2/2021
1182,2543,1077,182,1625,6540,0.1,13080,Cash,10/27/2024
1183,870,1046,132,910,3940,0.05,2561,Cash,2/28/2024
1184,1873,1886,179,1542,2400,0.05,2880,Credit Card,4/4/2022
1185,511,983,39,740,3120,0.05,2964,Credit Card,6/14/2022
1186,1412,1329,3,543,5940,0.1,20790,Credit Card,10/18/2024
1187,3,414,232,206,880,0.1,968,Credit Card,12/22/2023
1188,234,1337,45,135,4060,0.05,2842,Cash,11/29/2024
1189,1532,170,60,720,3990,0.1,5187,Bank Transfer,4/20/2024
1190,2997,210,162,373,3610,0.1,3971,Bank Transfer,9/12/2024
1191,2101,884,182,181,13700,0.05,20550,Bank Transfer,11/15/2024
1192,2675,1565,67,212,1730,0.1,4671,Cash,3/28/2024
1193,2692,511,248,1095,1240,0.1,4216,Credit Card,1/27/2023
1194,1000,167,124,576,5190,0.1,18165,Credit Card,3/31/2023
1195,2501,1975,152,1009,2190,0.1,7665,Cash,9/3/2023
1196,1467,1890,194,751,5860,0.05,7618,Cash,12/13/2024
1197,2732,1887,28,1594,1590,0.1,4929,Cash,3/24/2024
1198,703,1394,208,1369,14340,0.1,18642,Cash,12/28/2024
1199,1434,1831,73,1396,5040,0.05,7056,Cash,7/2/2024
1200,1559,674,140,931,1110,0.05,1831.5,Cash,3/28/2024
1201,2133,1345,179,982,5360,0.1,7504,Cash,10/21/2024
1202,1378,1039,182,1279,1290,0.1,2580,Credit Card,6/13/2023
1203,1389,17,160,539,2900,0.1,4930,Cash,3/28/2024
1204,2936,696,181,1162,3480,0.1,11136,Cash,4/28/2024
1205,2756,313,176,1481,2960,0.05,5032,Credit Card,1/12/2022
1206,1749,424,67,1073,4430,0.05,7752.5,Cash,3/15/2024
1207,1418,1966,3,1607,4080,0.05,4896,Credit Card,10/26/2023
1208,2207,1884,188,1336,13190,0.05,12530.5,Bank Transfer,12/21/2022
1209,1232,1589,35,24,4340,0.05,4340,Credit Card,12/16/2024
1210,1500,1429,95,1608,7170,0.1,20076,Bank Transfer,11/4/2024
1211,1266,1274,97,1300,7000,0.05,6650,Credit Card,2/10/2024
1212,2436,1790,28,751,7320,0.05,12078,Cash,12/19/2024
1213,2609,397,90,1431,1310,0.05,851.5,Credit Card,7/23/2024
1214,1176,1872,104,1353,7450,0.05,12292.5,Credit Card,9/3/2023
1215,2324,1178,226,139,4180,0.1,4180,Credit Card,4/17/2024
1216,1201,371,206,1091,1580,0.05,2844,Cash,12/11/2024
1217,2635,315,73,643,2030,0.05,3654,Bank Transfer,12/20/2024
1218,1648,675,184,1749,990,0.1,1287,Bank Transfer,5/14/2023
1219,2763,1086,219,787,4760,0.1,3332,Cash,10/29/2024
1220,1095,138,46,1456,4920,0.05,4182,Cash,6/22/2023
1221,198,368,194,1069,2720,0.1,3536,Bank Transfer,5/3/2024
1222,2225,1432,176,1132,3780,0.05,2268,Bank Transfer,5/28/2024
1223,1241,629,144,936,13350,0.1,30705,Credit Card,4/9/2023
1224,1636,1143,16,1680,1080,0.1,2052,Credit Card,2/26/2024
1225,1891,1342,28,1232,3420,0.1,9576,Bank Transfer,9/7/2023
1226,1938,1347,19,1450,2160,0.05,2376,Credit Card,7/21/2023
1227,2268,1551,149,1332,1330,0.1,3990,Bank Transfer,12/18/2024
1228,471,77,2,965,12140,0.05,12140,Cash,2/24/2024
1229,883,1638,32,371,1930,0.05,1737,Cash,4/22/2023
1230,1747,1653,95,817,3340,0.05,3340,Bank Transfer,12/30/2024
1231,1903,1641,62,1741,4480,0.05,3136,Bank Transfer,5/19/2024
1232,893,1932,157,1412,2930,0.05,4395,Bank Transfer,12/25/2024
1233,1682,1455,167,492,4000,0.05,4000,Cash,8/18/2024
1234,2743,951,180,64,4270,0.1,5978,Credit Card,9/30/2024
1235,2242,1709,205,1478,6170,0.1,3702,Bank Transfer,11/17/2024
1236,1414,448,123,715,3240,0.05,2430,Bank Transfer,9/9/2024
1237,1353,1079,3,1315,2210,0.05,663,Cash,10/20/2024
1238,2111,1506,213,268,5880,0.1,5292,Cash,6/29/2024
1239,1588,1879,159,515,1320,0.1,1320,Cash,9/20/2022
1240,1502,715,152,1461,2550,0.1,2550,Cash,12/5/2022
1241,202,629,60,1007,4930,0.1,4930,Bank Transfer,4/10/2024
1242,1768,1613,181,714,2660,0.1,6650,Bank Transfer,12/8/2024
1243,908,1486,128,189,1830,0.05,2745,Cash,12/16/2024
1244,1127,941,197,1448,1210,0.1,2057,Bank Transfer,12/30/2024
1245,2350,1013,179,734,3290,0.1,5922,Credit Card,10/15/2023
1246,2316,1327,55,966,1670,0.05,1419.5,Credit Card,5/8/2023
1247,2041,1111,208,456,1180,0.1,1652,Bank Transfer,12/28/2024
1248,1708,931,96,305,2790,0.1,8091,Credit Card,3/16/2024
1249,449,1349,93,1490,3570,0.1,4641,Cash,1/17/2024
1250,283,1996,156,1593,10690,0.1,19242,Credit Card,12/21/2024
1251,2303,22,226,1500,5410,0.1,12984,Bank Transfer,5/27/2024
1252,88,607,81,259,5220,0.1,16182,Credit Card,5/5/2024
1253,2219,981,208,523,2320,0.1,4176,Bank Transfer,7/20/2021
1254,531,1902,102,133,2090,0.05,1463,Bank Transfer,11/3/2024
1255,861,233,213,1302,3880,0.1,5820,Credit Card,11/29/2024
1256,642,252,93,480,7430,0.1,5201,Credit Card,11/27/2024
1257,930,918,63,967,7070,0.05,12372.5,Bank Transfer,9/19/2024
1258,882,1494,176,188,12940,0.1,40114,Cash,12/27/2024
1259,1301,1712,96,755,2540,0.1,5842,Credit Card,1/5/2024
1260,2563,1500,123,450,3200,0.05,5440,Bank Transfer,10/27/2023
1261,2383,1432,5,897,11710,0.05,16394,Cash,6/12/2024
1262,1433,880,162,1426,2630,0.1,1578,Cash,12/26/2024
1263,2542,1587,232,1662,1860,0.05,2697,Credit Card,10/21/2024
1264,1170,1157,102,1261,7320,0.1,16836,Cash,12/5/2024
1265,137,329,152,1230,1650,0.05,2475,Credit Card,5/1/2022
1266,34,1719,62,526,3310,0.1,2979,Cash,8/20/2023
1267,2599,1090,52,161,4020,0.05,5025,Bank Transfer,6/9/2024
1268,2339,311,50,1003,3570,0.05,4462.5,Cash,10/2/2024
1269,1105,140,78,215,1290,0.1,3612,Cash,9/15/2024
1270,862,404,179,1076,2390,0.05,2629,Credit Card,12/22/2022
1271,416,1715,149,1201,3100,0.05,2325,Credit Card,12/8/2023
1272,1676,685,62,370,2370,0.05,1777.5,Credit Card,2/12/2023
1273,502,783,189,1038,17190,0.1,17190,Bank Transfer,6/8/2024
1274,1743,1230,104,1735,2810,0.05,1967,Cash,11/21/2024
1275,2360,283,50,1392,5040,0.1,12600,Cash,8/24/2024
1276,1916,894,219,407,11550,0.1,30030,Cash,12/12/2024
1277,749,1768,181,918,8470,0.1,12705,Credit Card,12/29/2024
1278,1577,1217,240,437,4860,0.1,7290,Credit Card,6/26/2023
1279,659,1149,128,1244,10200,0.05,5610,Cash,11/11/2022
1280,2218,1335,35,975,1080,0.05,1944,Credit Card,2/2/2024
1281,2821,1747,206,513,1430,0.05,1430,Bank Transfer,2/6/2024
1282,1031,1777,90,800,5600,0.05,2800,Bank Transfer,12/15/2024
1283,1786,1790,217,481,970,0.05,1261,Bank Transfer,12/28/2024
1284,609,1322,78,462,1600,0.1,1120,Bank Transfer,7/20/2024
1285,2172,684,17,96,1200,0.1,1680,Credit Card,12/14/2024
1286,450,501,185,1350,1960,0.1,2940,Bank Transfer,7/22/2023
1287,360,804,140,1703,1310,0.05,1965,Cash,11/21/2024
1288,1604,476,181,185,5930,0.1,10081,Cash,11/1/2024
1289,899,16,50,1447,9280,0.05,12528,Credit Card,7/11/2023
1290,1540,567,197,29,6160,0.1,8008,Cash,3/14/2022
1291,2483,51,168,1555,6640,0.05,6972,Cash,12/4/2024
1292,1243,718,147,463,13850,0.1,40165,Bank Transfer,2/29/2024
1293,2227,1021,240,273,13010,0.05,14311,Cash,11/21/2024
1294,2235,624,32,415,6420,0.05,5136,Bank Transfer,11/12/2024
1295,2424,897,84,238,2180,0.1,6976,Cash,12/17/2024
1296,469,2055,124,139,11010,0.05,19818,Credit Card,9/30/2024
1297,74,1984,124,646,4070,0.05,1831.5,Credit Card,9/16/2024
1298,1702,1354,60,993,9890,0.05,5439.5,Bank Transfer,6/24/2024
1299,1135,1128,188,331,1930,0.1,1737,Credit Card,3/20/2024
1300,2964,244,149,354,5230,0.05,4184,Credit Card,12/9/2022
1301,191,2016,149,417,1190,0.05,357,Cash,1/23/2024
1302,1952,1892,167,1588,5860,0.05,8790,Bank Transfer,11/20/2024
1303,1242,1648,5,1485,4410,0.1,11907,Bank Transfer,8/6/2024
1304,1705,553,191,1630,1080,0.1,3672,Cash,4/5/2024
1305,549,652,162,1030,9630,0.1,22149,Cash,12/13/2024
1306,33,1622,97,517,1230,0.05,1353,Credit Card,12/26/2024
1307,701,113,32,1587,6160,0.1,13552,Credit Card,12/3/2024
1308,1327,729,4,207,6040,0.05,2416,Credit Card,11/24/2023
1309,875,159,180,723,6540,0.1,9810,Bank Transfer,9/15/2024
1310,2881,1410,63,1724,720,0.1,1656,Credit Card,9/12/2024
1311,376,1341,219,631,4140,0.05,7452,Cash,12/20/2024
1312,1851,773,71,1628,2530,0.05,2277,Cash,9/8/2024
1313,46,1809,46,455,1800,0.05,1530,Cash,9/4/2022
1314,1428,996,180,151,2160,0.1,7128,Bank Transfer,4/17/2024
1315,2546,1156,62,1374,1870,0.1,6545,Cash,12/20/2024
1316,1834,561,92,1578,3570,0.1,9639,Bank Transfer,8/16/2024
1317,2804,652,226,1427,2430,0.05,3037.5,Cash,11/5/2023
1318,1240,1444,182,312,2150,0.1,1505,Bank Transfer,12/15/2024
1319,2935,823,121,835,2850,0.1,8265,Bank Transfer,12/20/2024
1320,1509,1002,90,864,2420,0.05,1573,Credit Card,12/23/2022
1321,2108,282,19,396,1290,0.05,1677,Credit Card,12/30/2024
1322,419,727,219,779,4530,0.1,5436,Credit Card,12/15/2024
1323,2138,228,60,1058,1370,0.1,3014,Cash,5/1/2023
1324,1535,1625,95,501,2430,0.1,7047,Cash,10/19/2024
1325,1148,426,128,447,3060,0.05,3978,Bank Transfer,11/14/2024
1326,2373,1762,36,1573,3310,0.05,3475.5,Bank Transfer,12/30/2024
1327,1073,1621,206,1067,1170,0.1,1755,Credit Card,12/30/2024
1328,1879,1492,189,913,2210,0.1,1547,Bank Transfer,8/28/2024
1329,1647,815,12,606,3600,0.05,4140,Credit Card,12/30/2024
1330,579,526,152,1258,5510,0.1,18734,Bank Transfer,12/5/2024
1331,50,934,85,451,3680,0.1,8832,Bank Transfer,2/14/2023
1332,1044,86,157,1403,7670,0.05,11888.5,Cash,4/18/2024
1333,2610,1504,191,1022,1750,0.05,1662.5,Credit Card,6/6/2023
1334,619,701,121,724,3140,0.05,1570,Credit Card,12/31/2023
1335,2106,1073,132,1545,2390,0.1,5497,Bank Transfer,12/2/2024
1336,2673,414,63,10,6270,0.05,9091.5,Cash,2/27/2022
1337,871,194,194,1642,12510,0.05,12510,Cash,6/28/2024
1338,1770,206,35,682,1810,0.1,1086,Credit Card,8/10/2023
1339,774,1752,95,506,1100,0.1,1980,Cash,5/25/2023
1340,1689,1520,168,276,6860,0.05,6174,Cash,2/28/2023
1341,2961,865,17,1568,9510,0.1,23775,Credit Card,11/5/2024
1342,269,1556,128,1066,9960,0.05,8466,Cash,11/12/2024
1343,1904,444,176,572,1490,0.1,4619,Credit Card,4/4/2024
1344,2474,1004,189,1557,1280,0.05,1472,Bank Transfer,11/5/2024
1345,186,62,12,1532,8150,0.05,2445,Credit Card,4/24/2023
1346,733,1640,123,464,1880,0.1,2068,Credit Card,8/4/2023
1347,2731,1037,140,7,1730,0.1,1903,Cash,10/22/2024
1348,1055,1755,84,745,1840,0.1,2208,Credit Card,9/3/2024
1349,251,164,197,838,4580,0.05,4351,Credit Card,2/18/2024
1350,2278,1865,39,9,2570,0.05,2827,Credit Card,3/21/2024
1351,2401,569,55,560,5870,0.05,4989.5,Credit Card,6/1/2024
1352,2484,1163,39,1327,2130,0.1,7668,Bank Transfer,8/12/2023
1353,2875,1223,81,603,4900,0.05,7350,Credit Card,7/13/2021
1354,1884,1224,39,881,8510,0.05,9786.5,Cash,10/19/2024
1355,2477,1058,85,940,3730,0.1,3357,Credit Card,4/1/2024
